0	0
0.548385	0
1.07267	0
1.57339	0
2.0511	0
2.50632	0
2.93961	0
3.35151	0
3.74256	0
4.11329	0
4.46426	0
4.796	0
5.10905	0
5.40396	0
5.68127	0
5.94152	0
6.18524	0
6.41299	0
6.6253	0
6.82272	0
7.00579	0
7.17504	0
7.33103	0
7.47429	0
7.60536	0
7.72478	0
7.83311	0
7.93087	0
8.01861	0
8.09687	0
8.1662	0
8.22713	0
8.28021	0
8.32598	0
8.36497	0
8.39774	0
8.42482	0
8.44676	0
8.46409	0
8.47736	0
8.48711	0
8.49388	0
8.49821	0
8.50065	0
8.50173	0
8.502	0
8.50664	0
8.52001	0
8.54133	0
8.56986	0
8.60483	0
8.64549	0
8.69107	0
8.74083	0
8.79399	0
8.84981	0
8.90753	0
8.96638	0
9.02562	0
9.08447	0
9.14219	0
9.19801	0
9.25117	0
9.30093	0
9.34651	0
9.38717	0
9.42214	0
9.45067	0
9.47199	0
9.48536	0
9.49	0
9.49012	0
9.49058	0
9.49161	0
9.49345	0
9.49633	0
9.50047	0
9.50611	0
9.51348	0
9.5228	0
9.53431	0
9.54824	0
9.56481	0
9.58426	0
9.60682	0
9.63271	0
9.66218	0
9.69544	0
9.73273	0
9.77428	0
9.82032	0
9.87107	0
9.92678	0
9.98766	0
10.054	0
10.1259	0
10.2037	0
10.2876	0
10.3778	0
10.4746	0
10.5782	0
10.6888	0
10.8067	0
10.932	0
11.065	0
11.206	0
11.3552	0
11.5127	0
11.6789	0
11.854	0
12.0381	0
12.2316	0
12.4346	0
12.6474	0
12.8703	0
13.1033	0
13.3469	0
13.6011	0
13.8663	0
14.1426	0
14.4303	0
14.7297	0
15.0409	0
15.3642	0
15.6998	0
16.048	0
16.4089	0
16.7828	0
17.17	0
17.5706	0
17.985	0
18.4132	0
18.8556	0
19.3124	0
19.7839	0
20.2701	0
20.7715	0
21.2881	0
21.8203	0
22.3683	0
22.9322	0
23.5124	0
24.109	0
24.7224	0
25.3526	0

0	0.612757
0.548385	0.612757
1.07267	0.612757
1.57339	0.612757
2.0511	0.612757
2.50632	0.612757
2.93961	0.612757
3.35151	0.612757
3.74256	0.612757
4.11329	0.612757
4.46426	0.612757
4.796	0.612757
5.10905	0.612757
5.40396	0.612757
5.68127	0.612757
5.94152	0.612757
6.18524	0.612757
6.41299	0.612757
6.6253	0.612757
6.82272	0.612757
7.00579	0.612757
7.17504	0.612757
7.33103	0.612757
7.47429	0.612757
7.60536	0.612757
7.72478	0.612757
7.83311	0.612757
7.93087	0.612757
8.01861	0.612757
8.09687	0.612757
8.1662	0.612757
8.22713	0.612757
8.28021	0.612757
8.32598	0.612757
8.36497	0.612757
8.39774	0.612757
8.42482	0.612757
8.44676	0.612757
8.46409	0.612757
8.47736	0.612757
8.48711	0.612757
8.49388	0.612757
8.49821	0.612757
8.50065	0.612757
8.50173	0.612757
8.502	0.612757
8.50664	0.612757
8.52001	0.612757
8.54133	0.612757
8.56986	0.612757
8.60483	0.612757
8.64549	0.612757
8.69107	0.612757
8.74083	0.612757
8.79399	0.612757
8.84981	0.612757
8.90753	0.612757
8.96638	0.612757
9.02562	0.612757
9.08447	0.612757
9.14219	0.612757
9.19801	0.612757
9.25117	0.612757
9.30093	0.612757
9.34651	0.612757
9.38717	0.612757
9.42214	0.612757
9.45067	0.612757
9.47199	0.612757
9.48536	0.612757
9.49	0.612757
9.49012	0.612757
9.49058	0.612757
9.49161	0.612757
9.49345	0.612757
9.49633	0.612757
9.50047	0.612757
9.50611	0.612757
9.51348	0.612757
9.5228	0.612757
9.53431	0.612757
9.54824	0.612757
9.56481	0.612757
9.58426	0.612757
9.60682	0.612757
9.63271	0.612757
9.66218	0.612757
9.69544	0.612757
9.73273	0.612757
9.77428	0.612757
9.82032	0.612757
9.87107	0.612757
9.92678	0.612757
9.98766	0.612757
10.054	0.612757
10.1259	0.612757
10.2037	0.612757
10.2876	0.612757
10.3778	0.612757
10.4746	0.612757
10.5782	0.612757
10.6888	0.612757
10.8067	0.612757
10.932	0.612757
11.065	0.612757
11.206	0.612757
11.3552	0.612757
11.5127	0.612757
11.6789	0.612757
11.854	0.612757
12.0381	0.612757
12.2316	0.612757
12.4346	0.612757
12.6474	0.612757
12.8703	0.612757
13.1033	0.612757
13.3469	0.612757
13.6011	0.612757
13.8663	0.612757
14.1426	0.612757
14.4303	0.612757
14.7297	0.612757
15.0409	0.612757
15.3642	0.612757
15.6998	0.612757
16.048	0.612757
16.4089	0.612757
16.7828	0.612757
17.17	0.612757
17.5706	0.612757
17.985	0.612757
18.4132	0.612757
18.8556	0.612757
19.3124	0.612757
19.7839	0.612757
20.2701	0.612757
20.7715	0.612757
21.2881	0.612757
21.8203	0.612757
22.3683	0.612757
22.9322	0.612757
23.5124	0.612757
24.109	0.612757
24.7224	0.612757
25.3526	0.612757

0	1.19858
0.548385	1.19858
1.07267	1.19858
1.57339	1.19858
2.0511	1.19858
2.50632	1.19858
2.93961	1.19858
3.35151	1.19858
3.74256	1.19858
4.11329	1.19858
4.46426	1.19858
4.796	1.19858
5.10905	1.19858
5.40396	1.19858
5.68127	1.19858
5.94152	1.19858
6.18524	1.19858
6.41299	1.19858
6.6253	1.19858
6.82272	1.19858
7.00579	1.19858
7.17504	1.19858
7.33103	1.19858
7.47429	1.19858
7.60536	1.19858
7.72478	1.19858
7.83311	1.19858
7.93087	1.19858
8.01861	1.19858
8.09687	1.19858
8.1662	1.19858
8.22713	1.19858
8.28021	1.19858
8.32598	1.19858
8.36497	1.19858
8.39774	1.19858
8.42482	1.19858
8.44676	1.19858
8.46409	1.19858
8.47736	1.19858
8.48711	1.19858
8.49388	1.19858
8.49821	1.19858
8.50065	1.19858
8.50173	1.19858
8.502	1.19858
8.50664	1.19858
8.52001	1.19858
8.54133	1.19858
8.56986	1.19858
8.60483	1.19858
8.64549	1.19858
8.69107	1.19858
8.74083	1.19858
8.79399	1.19858
8.84981	1.19858
8.90753	1.19858
8.96638	1.19858
9.02562	1.19858
9.08447	1.19858
9.14219	1.19858
9.19801	1.19858
9.25117	1.19858
9.30093	1.19858
9.34651	1.19858
9.38717	1.19858
9.42214	1.19858
9.45067	1.19858
9.47199	1.19858
9.48536	1.19858
9.49	1.19858
9.49012	1.19858
9.49058	1.19858
9.49161	1.19858
9.49345	1.19858
9.49633	1.19858
9.50047	1.19858
9.50611	1.19858
9.51348	1.19858
9.5228	1.19858
9.53431	1.19858
9.54824	1.19858
9.56481	1.19858
9.58426	1.19858
9.60682	1.19858
9.63271	1.19858
9.66218	1.19858
9.69544	1.19858
9.73273	1.19858
9.77428	1.19858
9.82032	1.19858
9.87107	1.19858
9.92678	1.19858
9.98766	1.19858
10.054	1.19858
10.1259	1.19858
10.2037	1.19858
10.2876	1.19858
10.3778	1.19858
10.4746	1.19858
10.5782	1.19858
10.6888	1.19858
10.8067	1.19858
10.932	1.19858
11.065	1.19858
11.206	1.19858
11.3552	1.19858
11.5127	1.19858
11.6789	1.19858
11.854	1.19858
12.0381	1.19858
12.2316	1.19858
12.4346	1.19858
12.6474	1.19858
12.8703	1.19858
13.1033	1.19858
13.3469	1.19858
13.6011	1.19858
13.8663	1.19858
14.1426	1.19858
14.4303	1.19858
14.7297	1.19858
15.0409	1.19858
15.3642	1.19858
15.6998	1.19858
16.048	1.19858
16.4089	1.19858
16.7828	1.19858
17.17	1.19858
17.5706	1.19858
17.985	1.19858
18.4132	1.19858
18.8556	1.19858
19.3124	1.19858
19.7839	1.19858
20.2701	1.19858
20.7715	1.19858
21.2881	1.19858
21.8203	1.19858
22.3683	1.19858
22.9322	1.19858
23.5124	1.19858
24.109	1.19858
24.7224	1.19858
25.3526	1.19858

0	1.75808
0.548385	1.75808
1.07267	1.75808
1.57339	1.75808
2.0511	1.75808
2.50632	1.75808
2.93961	1.75808
3.35151	1.75808
3.74256	1.75808
4.11329	1.75808
4.46426	1.75808
4.796	1.75808
5.10905	1.75808
5.40396	1.75808
5.68127	1.75808
5.94152	1.75808
6.18524	1.75808
6.41299	1.75808
6.6253	1.75808
6.82272	1.75808
7.00579	1.75808
7.17504	1.75808
7.33103	1.75808
7.47429	1.75808
7.60536	1.75808
7.72478	1.75808
7.83311	1.75808
7.93087	1.75808
8.01861	1.75808
8.09687	1.75808
8.1662	1.75808
8.22713	1.75808
8.28021	1.75808
8.32598	1.75808
8.36497	1.75808
8.39774	1.75808
8.42482	1.75808
8.44676	1.75808
8.46409	1.75808
8.47736	1.75808
8.48711	1.75808
8.49388	1.75808
8.49821	1.75808
8.50065	1.75808
8.50173	1.75808
8.502	1.75808
8.50664	1.75808
8.52001	1.75808
8.54133	1.75808
8.56986	1.75808
8.60483	1.75808
8.64549	1.75808
8.69107	1.75808
8.74083	1.75808
8.79399	1.75808
8.84981	1.75808
8.90753	1.75808
8.96638	1.75808
9.02562	1.75808
9.08447	1.75808
9.14219	1.75808
9.19801	1.75808
9.25117	1.75808
9.30093	1.75808
9.34651	1.75808
9.38717	1.75808
9.42214	1.75808
9.45067	1.75808
9.47199	1.75808
9.48536	1.75808
9.49	1.75808
9.49012	1.75808
9.49058	1.75808
9.49161	1.75808
9.49345	1.75808
9.49633	1.75808
9.50047	1.75808
9.50611	1.75808
9.51348	1.75808
9.5228	1.75808
9.53431	1.75808
9.54824	1.75808
9.56481	1.75808
9.58426	1.75808
9.60682	1.75808
9.63271	1.75808
9.66218	1.75808
9.69544	1.75808
9.73273	1.75808
9.77428	1.75808
9.82032	1.75808
9.87107	1.75808
9.92678	1.75808
9.98766	1.75808
10.054	1.75808
10.1259	1.75808
10.2037	1.75808
10.2876	1.75808
10.3778	1.75808
10.4746	1.75808
10.5782	1.75808
10.6888	1.75808
10.8067	1.75808
10.932	1.75808
11.065	1.75808
11.206	1.75808
11.3552	1.75808
11.5127	1.75808
11.6789	1.75808
11.854	1.75808
12.0381	1.75808
12.2316	1.75808
12.4346	1.75808
12.6474	1.75808
12.8703	1.75808
13.1033	1.75808
13.3469	1.75808
13.6011	1.75808
13.8663	1.75808
14.1426	1.75808
14.4303	1.75808
14.7297	1.75808
15.0409	1.75808
15.3642	1.75808
15.6998	1.75808
16.048	1.75808
16.4089	1.75808
16.7828	1.75808
17.17	1.75808
17.5706	1.75808
17.985	1.75808
18.4132	1.75808
18.8556	1.75808
19.3124	1.75808
19.7839	1.75808
20.2701	1.75808
20.7715	1.75808
21.2881	1.75808
21.8203	1.75808
22.3683	1.75808
22.9322	1.75808
23.5124	1.75808
24.109	1.75808
24.7224	1.75808
25.3526	1.75808

0	2.29186
0.548385	2.29186
1.07267	2.29186
1.57339	2.29186
2.0511	2.29186
2.50632	2.29186
2.93961	2.29186
3.35151	2.29186
3.74256	2.29186
4.11329	2.29186
4.46426	2.29186
4.796	2.29186
5.10905	2.29186
5.40396	2.29186
5.68127	2.29186
5.94152	2.29186
6.18524	2.29186
6.41299	2.29186
6.6253	2.29186
6.82272	2.29186
7.00579	2.29186
7.17504	2.29186
7.33103	2.29186
7.47429	2.29186
7.60536	2.29186
7.72478	2.29186
7.83311	2.29186
7.93087	2.29186
8.01861	2.29186
8.09687	2.29186
8.1662	2.29186
8.22713	2.29186
8.28021	2.29186
8.32598	2.29186
8.36497	2.29186
8.39774	2.29186
8.42482	2.29186
8.44676	2.29186
8.46409	2.29186
8.47736	2.29186
8.48711	2.29186
8.49388	2.29186
8.49821	2.29186
8.50065	2.29186
8.50173	2.29186
8.502	2.29186
8.50664	2.29186
8.52001	2.29186
8.54133	2.29186
8.56986	2.29186
8.60483	2.29186
8.64549	2.29186
8.69107	2.29186
8.74083	2.29186
8.79399	2.29186
8.84981	2.29186
8.90753	2.29186
8.96638	2.29186
9.02562	2.29186
9.08447	2.29186
9.14219	2.29186
9.19801	2.29186
9.25117	2.29186
9.30093	2.29186
9.34651	2.29186
9.38717	2.29186
9.42214	2.29186
9.45067	2.29186
9.47199	2.29186
9.48536	2.29186
9.49	2.29186
9.49012	2.29186
9.49058	2.29186
9.49161	2.29186
9.49345	2.29186
9.49633	2.29186
9.50047	2.29186
9.50611	2.29186
9.51348	2.29186
9.5228	2.29186
9.53431	2.29186
9.54824	2.29186
9.56481	2.29186
9.58426	2.29186
9.60682	2.29186
9.63271	2.29186
9.66218	2.29186
9.69544	2.29186
9.73273	2.29186
9.77428	2.29186
9.82032	2.29186
9.87107	2.29186
9.92678	2.29186
9.98766	2.29186
10.054	2.29186
10.1259	2.29186
10.2037	2.29186
10.2876	2.29186
10.3778	2.29186
10.4746	2.29186
10.5782	2.29186
10.6888	2.29186
10.8067	2.29186
10.932	2.29186
11.065	2.29186
11.206	2.29186
11.3552	2.29186
11.5127	2.29186
11.6789	2.29186
11.854	2.29186
12.0381	2.29186
12.2316	2.29186
12.4346	2.29186
12.6474	2.29186
12.8703	2.29186
13.1033	2.29186
13.3469	2.29186
13.6011	2.29186
13.8663	2.29186
14.1426	2.29186
14.4303	2.29186
14.7297	2.29186
15.0409	2.29186
15.3642	2.29186
15.6998	2.29186
16.048	2.29186
16.4089	2.29186
16.7828	2.29186
17.17	2.29186
17.5706	2.29186
17.985	2.29186
18.4132	2.29186
18.8556	2.29186
19.3124	2.29186
19.7839	2.29186
20.2701	2.29186
20.7715	2.29186
21.2881	2.29186
21.8203	2.29186
22.3683	2.29186
22.9322	2.29186
23.5124	2.29186
24.109	2.29186
24.7224	2.29186
25.3526	2.29186

0	2.80053
0.548385	2.80053
1.07267	2.80053
1.57339	2.80053
2.0511	2.80053
2.50632	2.80053
2.93961	2.80053
3.35151	2.80053
3.74256	2.80053
4.11329	2.80053
4.46426	2.80053
4.796	2.80053
5.10905	2.80053
5.40396	2.80053
5.68127	2.80053
5.94152	2.80053
6.18524	2.80053
6.41299	2.80053
6.6253	2.80053
6.82272	2.80053
7.00579	2.80053
7.17504	2.80053
7.33103	2.80053
7.47429	2.80053
7.60536	2.80053
7.72478	2.80053
7.83311	2.80053
7.93087	2.80053
8.01861	2.80053
8.09687	2.80053
8.1662	2.80053
8.22713	2.80053
8.28021	2.80053
8.32598	2.80053
8.36497	2.80053
8.39774	2.80053
8.42482	2.80053
8.44676	2.80053
8.46409	2.80053
8.47736	2.80053
8.48711	2.80053
8.49388	2.80053
8.49821	2.80053
8.50065	2.80053
8.50173	2.80053
8.502	2.80053
8.50664	2.80053
8.52001	2.80053
8.54133	2.80053
8.56986	2.80053
8.60483	2.80053
8.64549	2.80053
8.69107	2.80053
8.74083	2.80053
8.79399	2.80053
8.84981	2.80053
8.90753	2.80053
8.96638	2.80053
9.02562	2.80053
9.08447	2.80053
9.14219	2.80053
9.19801	2.80053
9.25117	2.80053
9.30093	2.80053
9.34651	2.80053
9.38717	2.80053
9.42214	2.80053
9.45067	2.80053
9.47199	2.80053
9.48536	2.80053
9.49	2.80053
9.49012	2.80053
9.49058	2.80053
9.49161	2.80053
9.49345	2.80053
9.49633	2.80053
9.50047	2.80053
9.50611	2.80053
9.51348	2.80053
9.5228	2.80053
9.53431	2.80053
9.54824	2.80053
9.56481	2.80053
9.58426	2.80053
9.60682	2.80053
9.63271	2.80053
9.66218	2.80053
9.69544	2.80053
9.73273	2.80053
9.77428	2.80053
9.82032	2.80053
9.87107	2.80053
9.92678	2.80053
9.98766	2.80053
10.054	2.80053
10.1259	2.80053
10.2037	2.80053
10.2876	2.80053
10.3778	2.80053
10.4746	2.80053
10.5782	2.80053
10.6888	2.80053
10.8067	2.80053
10.932	2.80053
11.065	2.80053
11.206	2.80053
11.3552	2.80053
11.5127	2.80053
11.6789	2.80053
11.854	2.80053
12.0381	2.80053
12.2316	2.80053
12.4346	2.80053
12.6474	2.80053
12.8703	2.80053
13.1033	2.80053
13.3469	2.80053
13.6011	2.80053
13.8663	2.80053
14.1426	2.80053
14.4303	2.80053
14.7297	2.80053
15.0409	2.80053
15.3642	2.80053
15.6998	2.80053
16.048	2.80053
16.4089	2.80053
16.7828	2.80053
17.17	2.80053
17.5706	2.80053
17.985	2.80053
18.4132	2.80053
18.8556	2.80053
19.3124	2.80053
19.7839	2.80053
20.2701	2.80053
20.7715	2.80053
21.2881	2.80053
21.8203	2.80053
22.3683	2.80053
22.9322	2.80053
23.5124	2.80053
24.109	2.80053
24.7224	2.80053
25.3526	2.80053

0	3.28468
0.548385	3.28468
1.07267	3.28468
1.57339	3.28468
2.0511	3.28468
2.50632	3.28468
2.93961	3.28468
3.35151	3.28468
3.74256	3.28468
4.11329	3.28468
4.46426	3.28468
4.796	3.28468
5.10905	3.28468
5.40396	3.28468
5.68127	3.28468
5.94152	3.28468
6.18524	3.28468
6.41299	3.28468
6.6253	3.28468
6.82272	3.28468
7.00579	3.28468
7.17504	3.28468
7.33103	3.28468
7.47429	3.28468
7.60536	3.28468
7.72478	3.28468
7.83311	3.28468
7.93087	3.28468
8.01861	3.28468
8.09687	3.28468
8.1662	3.28468
8.22713	3.28468
8.28021	3.28468
8.32598	3.28468
8.36497	3.28468
8.39774	3.28468
8.42482	3.28468
8.44676	3.28468
8.46409	3.28468
8.47736	3.28468
8.48711	3.28468
8.49388	3.28468
8.49821	3.28468
8.50065	3.28468
8.50173	3.28468
8.502	3.28468
8.50664	3.28468
8.52001	3.28468
8.54133	3.28468
8.56986	3.28468
8.60483	3.28468
8.64549	3.28468
8.69107	3.28468
8.74083	3.28468
8.79399	3.28468
8.84981	3.28468
8.90753	3.28468
8.96638	3.28468
9.02562	3.28468
9.08447	3.28468
9.14219	3.28468
9.19801	3.28468
9.25117	3.28468
9.30093	3.28468
9.34651	3.28468
9.38717	3.28468
9.42214	3.28468
9.45067	3.28468
9.47199	3.28468
9.48536	3.28468
9.49	3.28468
9.49012	3.28468
9.49058	3.28468
9.49161	3.28468
9.49345	3.28468
9.49633	3.28468
9.50047	3.28468
9.50611	3.28468
9.51348	3.28468
9.5228	3.28468
9.53431	3.28468
9.54824	3.28468
9.56481	3.28468
9.58426	3.28468
9.60682	3.28468
9.63271	3.28468
9.66218	3.28468
9.69544	3.28468
9.73273	3.28468
9.77428	3.28468
9.82032	3.28468
9.87107	3.28468
9.92678	3.28468
9.98766	3.28468
10.054	3.28468
10.1259	3.28468
10.2037	3.28468
10.2876	3.28468
10.3778	3.28468
10.4746	3.28468
10.5782	3.28468
10.6888	3.28468
10.8067	3.28468
10.932	3.28468
11.065	3.28468
11.206	3.28468
11.3552	3.28468
11.5127	3.28468
11.6789	3.28468
11.854	3.28468
12.0381	3.28468
12.2316	3.28468
12.4346	3.28468
12.6474	3.28468
12.8703	3.28468
13.1033	3.28468
13.3469	3.28468
13.6011	3.28468
13.8663	3.28468
14.1426	3.28468
14.4303	3.28468
14.7297	3.28468
15.0409	3.28468
15.3642	3.28468
15.6998	3.28468
16.048	3.28468
16.4089	3.28468
16.7828	3.28468
17.17	3.28468
17.5706	3.28468
17.985	3.28468
18.4132	3.28468
18.8556	3.28468
19.3124	3.28468
19.7839	3.28468
20.2701	3.28468
20.7715	3.28468
21.2881	3.28468
21.8203	3.28468
22.3683	3.28468
22.9322	3.28468
23.5124	3.28468
24.109	3.28468
24.7224	3.28468
25.3526	3.28468

0	3.74493
0.548385	3.74493
1.07267	3.74493
1.57339	3.74493
2.0511	3.74493
2.50632	3.74493
2.93961	3.74493
3.35151	3.74493
3.74256	3.74493
4.11329	3.74493
4.46426	3.74493
4.796	3.74493
5.10905	3.74493
5.40396	3.74493
5.68127	3.74493
5.94152	3.74493
6.18524	3.74493
6.41299	3.74493
6.6253	3.74493
6.82272	3.74493
7.00579	3.74493
7.17504	3.74493
7.33103	3.74493
7.47429	3.74493
7.60536	3.74493
7.72478	3.74493
7.83311	3.74493
7.93087	3.74493
8.01861	3.74493
8.09687	3.74493
8.1662	3.74493
8.22713	3.74493
8.28021	3.74493
8.32598	3.74493
8.36497	3.74493
8.39774	3.74493
8.42482	3.74493
8.44676	3.74493
8.46409	3.74493
8.47736	3.74493
8.48711	3.74493
8.49388	3.74493
8.49821	3.74493
8.50065	3.74493
8.50173	3.74493
8.502	3.74493
8.50664	3.74493
8.52001	3.74493
8.54133	3.74493
8.56986	3.74493
8.60483	3.74493
8.64549	3.74493
8.69107	3.74493
8.74083	3.74493
8.79399	3.74493
8.84981	3.74493
8.90753	3.74493
8.96638	3.74493
9.02562	3.74493
9.08447	3.74493
9.14219	3.74493
9.19801	3.74493
9.25117	3.74493
9.30093	3.74493
9.34651	3.74493
9.38717	3.74493
9.42214	3.74493
9.45067	3.74493
9.47199	3.74493
9.48536	3.74493
9.49	3.74493
9.49012	3.74493
9.49058	3.74493
9.49161	3.74493
9.49345	3.74493
9.49633	3.74493
9.50047	3.74493
9.50611	3.74493
9.51348	3.74493
9.5228	3.74493
9.53431	3.74493
9.54824	3.74493
9.56481	3.74493
9.58426	3.74493
9.60682	3.74493
9.63271	3.74493
9.66218	3.74493
9.69544	3.74493
9.73273	3.74493
9.77428	3.74493
9.82032	3.74493
9.87107	3.74493
9.92678	3.74493
9.98766	3.74493
10.054	3.74493
10.1259	3.74493
10.2037	3.74493
10.2876	3.74493
10.3778	3.74493
10.4746	3.74493
10.5782	3.74493
10.6888	3.74493
10.8067	3.74493
10.932	3.74493
11.065	3.74493
11.206	3.74493
11.3552	3.74493
11.5127	3.74493
11.6789	3.74493
11.854	3.74493
12.0381	3.74493
12.2316	3.74493
12.4346	3.74493
12.6474	3.74493
12.8703	3.74493
13.1033	3.74493
13.3469	3.74493
13.6011	3.74493
13.8663	3.74493
14.1426	3.74493
14.4303	3.74493
14.7297	3.74493
15.0409	3.74493
15.3642	3.74493
15.6998	3.74493
16.048	3.74493
16.4089	3.74493
16.7828	3.74493
17.17	3.74493
17.5706	3.74493
17.985	3.74493
18.4132	3.74493
18.8556	3.74493
19.3124	3.74493
19.7839	3.74493
20.2701	3.74493
20.7715	3.74493
21.2881	3.74493
21.8203	3.74493
22.3683	3.74493
22.9322	3.74493
23.5124	3.74493
24.109	3.74493
24.7224	3.74493
25.3526	3.74493

0	4.18188
0.548385	4.18188
1.07267	4.18188
1.57339	4.18188
2.0511	4.18188
2.50632	4.18188
2.93961	4.18188
3.35151	4.18188
3.74256	4.18188
4.11329	4.18188
4.46426	4.18188
4.796	4.18188
5.10905	4.18188
5.40396	4.18188
5.68127	4.18188
5.94152	4.18188
6.18524	4.18188
6.41299	4.18188
6.6253	4.18188
6.82272	4.18188
7.00579	4.18188
7.17504	4.18188
7.33103	4.18188
7.47429	4.18188
7.60536	4.18188
7.72478	4.18188
7.83311	4.18188
7.93087	4.18188
8.01861	4.18188
8.09687	4.18188
8.1662	4.18188
8.22713	4.18188
8.28021	4.18188
8.32598	4.18188
8.36497	4.18188
8.39774	4.18188
8.42482	4.18188
8.44676	4.18188
8.46409	4.18188
8.47736	4.18188
8.48711	4.18188
8.49388	4.18188
8.49821	4.18188
8.50065	4.18188
8.50173	4.18188
8.502	4.18188
8.50664	4.18188
8.52001	4.18188
8.54133	4.18188
8.56986	4.18188
8.60483	4.18188
8.64549	4.18188
8.69107	4.18188
8.74083	4.18188
8.79399	4.18188
8.84981	4.18188
8.90753	4.18188
8.96638	4.18188
9.02562	4.18188
9.08447	4.18188
9.14219	4.18188
9.19801	4.18188
9.25117	4.18188
9.30093	4.18188
9.34651	4.18188
9.38717	4.18188
9.42214	4.18188
9.45067	4.18188
9.47199	4.18188
9.48536	4.18188
9.49	4.18188
9.49012	4.18188
9.49058	4.18188
9.49161	4.18188
9.49345	4.18188
9.49633	4.18188
9.50047	4.18188
9.50611	4.18188
9.51348	4.18188
9.5228	4.18188
9.53431	4.18188
9.54824	4.18188
9.56481	4.18188
9.58426	4.18188
9.60682	4.18188
9.63271	4.18188
9.66218	4.18188
9.69544	4.18188
9.73273	4.18188
9.77428	4.18188
9.82032	4.18188
9.87107	4.18188
9.92678	4.18188
9.98766	4.18188
10.054	4.18188
10.1259	4.18188
10.2037	4.18188
10.2876	4.18188
10.3778	4.18188
10.4746	4.18188
10.5782	4.18188
10.6888	4.18188
10.8067	4.18188
10.932	4.18188
11.065	4.18188
11.206	4.18188
11.3552	4.18188
11.5127	4.18188
11.6789	4.18188
11.854	4.18188
12.0381	4.18188
12.2316	4.18188
12.4346	4.18188
12.6474	4.18188
12.8703	4.18188
13.1033	4.18188
13.3469	4.18188
13.6011	4.18188
13.8663	4.18188
14.1426	4.18188
14.4303	4.18188
14.7297	4.18188
15.0409	4.18188
15.3642	4.18188
15.6998	4.18188
16.048	4.18188
16.4089	4.18188
16.7828	4.18188
17.17	4.18188
17.5706	4.18188
17.985	4.18188
18.4132	4.18188
18.8556	4.18188
19.3124	4.18188
19.7839	4.18188
20.2701	4.18188
20.7715	4.18188
21.2881	4.18188
21.8203	4.18188
22.3683	4.18188
22.9322	4.18188
23.5124	4.18188
24.109	4.18188
24.7224	4.18188
25.3526	4.18188

0	4.59613
0.548385	4.59613
1.07267	4.59613
1.57339	4.59613
2.0511	4.59613
2.50632	4.59613
2.93961	4.59613
3.35151	4.59613
3.74256	4.59613
4.11329	4.59613
4.46426	4.59613
4.796	4.59613
5.10905	4.59613
5.40396	4.59613
5.68127	4.59613
5.94152	4.59613
6.18524	4.59613
6.41299	4.59613
6.6253	4.59613
6.82272	4.59613
7.00579	4.59613
7.17504	4.59613
7.33103	4.59613
7.47429	4.59613
7.60536	4.59613
7.72478	4.59613
7.83311	4.59613
7.93087	4.59613
8.01861	4.59613
8.09687	4.59613
8.1662	4.59613
8.22713	4.59613
8.28021	4.59613
8.32598	4.59613
8.36497	4.59613
8.39774	4.59613
8.42482	4.59613
8.44676	4.59613
8.46409	4.59613
8.47736	4.59613
8.48711	4.59613
8.49388	4.59613
8.49821	4.59613
8.50065	4.59613
8.50173	4.59613
8.502	4.59613
8.50664	4.59613
8.52001	4.59613
8.54133	4.59613
8.56986	4.59613
8.60483	4.59613
8.64549	4.59613
8.69107	4.59613
8.74083	4.59613
8.79399	4.59613
8.84981	4.59613
8.90753	4.59613
8.96638	4.59613
9.02562	4.59613
9.08447	4.59613
9.14219	4.59613
9.19801	4.59613
9.25117	4.59613
9.30093	4.59613
9.34651	4.59613
9.38717	4.59613
9.42214	4.59613
9.45067	4.59613
9.47199	4.59613
9.48536	4.59613
9.49	4.59613
9.49012	4.59613
9.49058	4.59613
9.49161	4.59613
9.49345	4.59613
9.49633	4.59613
9.50047	4.59613
9.50611	4.59613
9.51348	4.59613
9.5228	4.59613
9.53431	4.59613
9.54824	4.59613
9.56481	4.59613
9.58426	4.59613
9.60682	4.59613
9.63271	4.59613
9.66218	4.59613
9.69544	4.59613
9.73273	4.59613
9.77428	4.59613
9.82032	4.59613
9.87107	4.59613
9.92678	4.59613
9.98766	4.59613
10.054	4.59613
10.1259	4.59613
10.2037	4.59613
10.2876	4.59613
10.3778	4.59613
10.4746	4.59613
10.5782	4.59613
10.6888	4.59613
10.8067	4.59613
10.932	4.59613
11.065	4.59613
11.206	4.59613
11.3552	4.59613
11.5127	4.59613
11.6789	4.59613
11.854	4.59613
12.0381	4.59613
12.2316	4.59613
12.4346	4.59613
12.6474	4.59613
12.8703	4.59613
13.1033	4.59613
13.3469	4.59613
13.6011	4.59613
13.8663	4.59613
14.1426	4.59613
14.4303	4.59613
14.7297	4.59613
15.0409	4.59613
15.3642	4.59613
15.6998	4.59613
16.048	4.59613
16.4089	4.59613
16.7828	4.59613
17.17	4.59613
17.5706	4.59613
17.985	4.59613
18.4132	4.59613
18.8556	4.59613
19.3124	4.59613
19.7839	4.59613
20.2701	4.59613
20.7715	4.59613
21.2881	4.59613
21.8203	4.59613
22.3683	4.59613
22.9322	4.59613
23.5124	4.59613
24.109	4.59613
24.7224	4.59613
25.3526	4.59613

0	4.98829
0.548385	4.98829
1.07267	4.98829
1.57339	4.98829
2.0511	4.98829
2.50632	4.98829
2.93961	4.98829
3.35151	4.98829
3.74256	4.98829
4.11329	4.98829
4.46426	4.98829
4.796	4.98829
5.10905	4.98829
5.40396	4.98829
5.68127	4.98829
5.94152	4.98829
6.18524	4.98829
6.41299	4.98829
6.6253	4.98829
6.82272	4.98829
7.00579	4.98829
7.17504	4.98829
7.33103	4.98829
7.47429	4.98829
7.60536	4.98829
7.72478	4.98829
7.83311	4.98829
7.93087	4.98829
8.01861	4.98829
8.09687	4.98829
8.1662	4.98829
8.22713	4.98829
8.28021	4.98829
8.32598	4.98829
8.36497	4.98829
8.39774	4.98829
8.42482	4.98829
8.44676	4.98829
8.46409	4.98829
8.47736	4.98829
8.48711	4.98829
8.49388	4.98829
8.49821	4.98829
8.50065	4.98829
8.50173	4.98829
8.502	4.98829
8.50664	4.98829
8.52001	4.98829
8.54133	4.98829
8.56986	4.98829
8.60483	4.98829
8.64549	4.98829
8.69107	4.98829
8.74083	4.98829
8.79399	4.98829
8.84981	4.98829
8.90753	4.98829
8.96638	4.98829
9.02562	4.98829
9.08447	4.98829
9.14219	4.98829
9.19801	4.98829
9.25117	4.98829
9.30093	4.98829
9.34651	4.98829
9.38717	4.98829
9.42214	4.98829
9.45067	4.98829
9.47199	4.98829
9.48536	4.98829
9.49	4.98829
9.49012	4.98829
9.49058	4.98829
9.49161	4.98829
9.49345	4.98829
9.49633	4.98829
9.50047	4.98829
9.50611	4.98829
9.51348	4.98829
9.5228	4.98829
9.53431	4.98829
9.54824	4.98829
9.56481	4.98829
9.58426	4.98829
9.60682	4.98829
9.63271	4.98829
9.66218	4.98829
9.69544	4.98829
9.73273	4.98829
9.77428	4.98829
9.82032	4.98829
9.87107	4.98829
9.92678	4.98829
9.98766	4.98829
10.054	4.98829
10.1259	4.98829
10.2037	4.98829
10.2876	4.98829
10.3778	4.98829
10.4746	4.98829
10.5782	4.98829
10.6888	4.98829
10.8067	4.98829
10.932	4.98829
11.065	4.98829
11.206	4.98829
11.3552	4.98829
11.5127	4.98829
11.6789	4.98829
11.854	4.98829
12.0381	4.98829
12.2316	4.98829
12.4346	4.98829
12.6474	4.98829
12.8703	4.98829
13.1033	4.98829
13.3469	4.98829
13.6011	4.98829
13.8663	4.98829
14.1426	4.98829
14.4303	4.98829
14.7297	4.98829
15.0409	4.98829
15.3642	4.98829
15.6998	4.98829
16.048	4.98829
16.4089	4.98829
16.7828	4.98829
17.17	4.98829
17.5706	4.98829
17.985	4.98829
18.4132	4.98829
18.8556	4.98829
19.3124	4.98829
19.7839	4.98829
20.2701	4.98829
20.7715	4.98829
21.2881	4.98829
21.8203	4.98829
22.3683	4.98829
22.9322	4.98829
23.5124	4.98829
24.109	4.98829
24.7224	4.98829
25.3526	4.98829

0	5.35897
0.548385	5.35897
1.07267	5.35897
1.57339	5.35897
2.0511	5.35897
2.50632	5.35897
2.93961	5.35897
3.35151	5.35897
3.74256	5.35897
4.11329	5.35897
4.46426	5.35897
4.796	5.35897
5.10905	5.35897
5.40396	5.35897
5.68127	5.35897
5.94152	5.35897
6.18524	5.35897
6.41299	5.35897
6.6253	5.35897
6.82272	5.35897
7.00579	5.35897
7.17504	5.35897
7.33103	5.35897
7.47429	5.35897
7.60536	5.35897
7.72478	5.35897
7.83311	5.35897
7.93087	5.35897
8.01861	5.35897
8.09687	5.35897
8.1662	5.35897
8.22713	5.35897
8.28021	5.35897
8.32598	5.35897
8.36497	5.35897
8.39774	5.35897
8.42482	5.35897
8.44676	5.35897
8.46409	5.35897
8.47736	5.35897
8.48711	5.35897
8.49388	5.35897
8.49821	5.35897
8.50065	5.35897
8.50173	5.35897
8.502	5.35897
8.50664	5.35897
8.52001	5.35897
8.54133	5.35897
8.56986	5.35897
8.60483	5.35897
8.64549	5.35897
8.69107	5.35897
8.74083	5.35897
8.79399	5.35897
8.84981	5.35897
8.90753	5.35897
8.96638	5.35897
9.02562	5.35897
9.08447	5.35897
9.14219	5.35897
9.19801	5.35897
9.25117	5.35897
9.30093	5.35897
9.34651	5.35897
9.38717	5.35897
9.42214	5.35897
9.45067	5.35897
9.47199	5.35897
9.48536	5.35897
9.49	5.35897
9.49012	5.35897
9.49058	5.35897
9.49161	5.35897
9.49345	5.35897
9.49633	5.35897
9.50047	5.35897
9.50611	5.35897
9.51348	5.35897
9.5228	5.35897
9.53431	5.35897
9.54824	5.35897
9.56481	5.35897
9.58426	5.35897
9.60682	5.35897
9.63271	5.35897
9.66218	5.35897
9.69544	5.35897
9.73273	5.35897
9.77428	5.35897
9.82032	5.35897
9.87107	5.35897
9.92678	5.35897
9.98766	5.35897
10.054	5.35897
10.1259	5.35897
10.2037	5.35897
10.2876	5.35897
10.3778	5.35897
10.4746	5.35897
10.5782	5.35897
10.6888	5.35897
10.8067	5.35897
10.932	5.35897
11.065	5.35897
11.206	5.35897
11.3552	5.35897
11.5127	5.35897
11.6789	5.35897
11.854	5.35897
12.0381	5.35897
12.2316	5.35897
12.4346	5.35897
12.6474	5.35897
12.8703	5.35897
13.1033	5.35897
13.3469	5.35897
13.6011	5.35897
13.8663	5.35897
14.1426	5.35897
14.4303	5.35897
14.7297	5.35897
15.0409	5.35897
15.3642	5.35897
15.6998	5.35897
16.048	5.35897
16.4089	5.35897
16.7828	5.35897
17.17	5.35897
17.5706	5.35897
17.985	5.35897
18.4132	5.35897
18.8556	5.35897
19.3124	5.35897
19.7839	5.35897
20.2701	5.35897
20.7715	5.35897
21.2881	5.35897
21.8203	5.35897
22.3683	5.35897
22.9322	5.35897
23.5124	5.35897
24.109	5.35897
24.7224	5.35897
25.3526	5.35897

0	5.70878
0.548385	5.70878
1.07267	5.70878
1.57339	5.70878
2.0511	5.70878
2.50632	5.70878
2.93961	5.70878
3.35151	5.70878
3.74256	5.70878
4.11329	5.70878
4.46426	5.70878
4.796	5.70878
5.10905	5.70878
5.40396	5.70878
5.68127	5.70878
5.94152	5.70878
6.18524	5.70878
6.41299	5.70878
6.6253	5.70878
6.82272	5.70878
7.00579	5.70878
7.17504	5.70878
7.33103	5.70878
7.47429	5.70878
7.60536	5.70878
7.72478	5.70878
7.83311	5.70878
7.93087	5.70878
8.01861	5.70878
8.09687	5.70878
8.1662	5.70878
8.22713	5.70878
8.28021	5.70878
8.32598	5.70878
8.36497	5.70878
8.39774	5.70878
8.42482	5.70878
8.44676	5.70878
8.46409	5.70878
8.47736	5.70878
8.48711	5.70878
8.49388	5.70878
8.49821	5.70878
8.50065	5.70878
8.50173	5.70878
8.502	5.70878
8.50664	5.70878
8.52001	5.70878
8.54133	5.70878
8.56986	5.70878
8.60483	5.70878
8.64549	5.70878
8.69107	5.70878
8.74083	5.70878
8.79399	5.70878
8.84981	5.70878
8.90753	5.70878
8.96638	5.70878
9.02562	5.70878
9.08447	5.70878
9.14219	5.70878
9.19801	5.70878
9.25117	5.70878
9.30093	5.70878
9.34651	5.70878
9.38717	5.70878
9.42214	5.70878
9.45067	5.70878
9.47199	5.70878
9.48536	5.70878
9.49	5.70878
9.49012	5.70878
9.49058	5.70878
9.49161	5.70878
9.49345	5.70878
9.49633	5.70878
9.50047	5.70878
9.50611	5.70878
9.51348	5.70878
9.5228	5.70878
9.53431	5.70878
9.54824	5.70878
9.56481	5.70878
9.58426	5.70878
9.60682	5.70878
9.63271	5.70878
9.66218	5.70878
9.69544	5.70878
9.73273	5.70878
9.77428	5.70878
9.82032	5.70878
9.87107	5.70878
9.92678	5.70878
9.98766	5.70878
10.054	5.70878
10.1259	5.70878
10.2037	5.70878
10.2876	5.70878
10.3778	5.70878
10.4746	5.70878
10.5782	5.70878
10.6888	5.70878
10.8067	5.70878
10.932	5.70878
11.065	5.70878
11.206	5.70878
11.3552	5.70878
11.5127	5.70878
11.6789	5.70878
11.854	5.70878
12.0381	5.70878
12.2316	5.70878
12.4346	5.70878
12.6474	5.70878
12.8703	5.70878
13.1033	5.70878
13.3469	5.70878
13.6011	5.70878
13.8663	5.70878
14.1426	5.70878
14.4303	5.70878
14.7297	5.70878
15.0409	5.70878
15.3642	5.70878
15.6998	5.70878
16.048	5.70878
16.4089	5.70878
16.7828	5.70878
17.17	5.70878
17.5706	5.70878
17.985	5.70878
18.4132	5.70878
18.8556	5.70878
19.3124	5.70878
19.7839	5.70878
20.2701	5.70878
20.7715	5.70878
21.2881	5.70878
21.8203	5.70878
22.3683	5.70878
22.9322	5.70878
23.5124	5.70878
24.109	5.70878
24.7224	5.70878
25.3526	5.70878

0	6.0383
0.548385	6.0383
1.07267	6.0383
1.57339	6.0383
2.0511	6.0383
2.50632	6.0383
2.93961	6.0383
3.35151	6.0383
3.74256	6.0383
4.11329	6.0383
4.46426	6.0383
4.796	6.0383
5.10905	6.0383
5.40396	6.0383
5.68127	6.0383
5.94152	6.0383
6.18524	6.0383
6.41299	6.0383
6.6253	6.0383
6.82272	6.0383
7.00579	6.0383
7.17504	6.0383
7.33103	6.0383
7.47429	6.0383
7.60536	6.0383
7.72478	6.0383
7.83311	6.0383
7.93087	6.0383
8.01861	6.0383
8.09687	6.0383
8.1662	6.0383
8.22713	6.0383
8.28021	6.0383
8.32598	6.0383
8.36497	6.0383
8.39774	6.0383
8.42482	6.0383
8.44676	6.0383
8.46409	6.0383
8.47736	6.0383
8.48711	6.0383
8.49388	6.0383
8.49821	6.0383
8.50065	6.0383
8.50173	6.0383
8.502	6.0383
8.50664	6.0383
8.52001	6.0383
8.54133	6.0383
8.56986	6.0383
8.60483	6.0383
8.64549	6.0383
8.69107	6.0383
8.74083	6.0383
8.79399	6.0383
8.84981	6.0383
8.90753	6.0383
8.96638	6.0383
9.02562	6.0383
9.08447	6.0383
9.14219	6.0383
9.19801	6.0383
9.25117	6.0383
9.30093	6.0383
9.34651	6.0383
9.38717	6.0383
9.42214	6.0383
9.45067	6.0383
9.47199	6.0383
9.48536	6.0383
9.49	6.0383
9.49012	6.0383
9.49058	6.0383
9.49161	6.0383
9.49345	6.0383
9.49633	6.0383
9.50047	6.0383
9.50611	6.0383
9.51348	6.0383
9.5228	6.0383
9.53431	6.0383
9.54824	6.0383
9.56481	6.0383
9.58426	6.0383
9.60682	6.0383
9.63271	6.0383
9.66218	6.0383
9.69544	6.0383
9.73273	6.0383
9.77428	6.0383
9.82032	6.0383
9.87107	6.0383
9.92678	6.0383
9.98766	6.0383
10.054	6.0383
10.1259	6.0383
10.2037	6.0383
10.2876	6.0383
10.3778	6.0383
10.4746	6.0383
10.5782	6.0383
10.6888	6.0383
10.8067	6.0383
10.932	6.0383
11.065	6.0383
11.206	6.0383
11.3552	6.0383
11.5127	6.0383
11.6789	6.0383
11.854	6.0383
12.0381	6.0383
12.2316	6.0383
12.4346	6.0383
12.6474	6.0383
12.8703	6.0383
13.1033	6.0383
13.3469	6.0383
13.6011	6.0383
13.8663	6.0383
14.1426	6.0383
14.4303	6.0383
14.7297	6.0383
15.0409	6.0383
15.3642	6.0383
15.6998	6.0383
16.048	6.0383
16.4089	6.0383
16.7828	6.0383
17.17	6.0383
17.5706	6.0383
17.985	6.0383
18.4132	6.0383
18.8556	6.0383
19.3124	6.0383
19.7839	6.0383
20.2701	6.0383
20.7715	6.0383
21.2881	6.0383
21.8203	6.0383
22.3683	6.0383
22.9322	6.0383
23.5124	6.0383
24.109	6.0383
24.7224	6.0383
25.3526	6.0383

0	6.34816
0.548385	6.34816
1.07267	6.34816
1.57339	6.34816
2.0511	6.34816
2.50632	6.34816
2.93961	6.34816
3.35151	6.34816
3.74256	6.34816
4.11329	6.34816
4.46426	6.34816
4.796	6.34816
5.10905	6.34816
5.40396	6.34816
5.68127	6.34816
5.94152	6.34816
6.18524	6.34816
6.41299	6.34816
6.6253	6.34816
6.82272	6.34816
7.00579	6.34816
7.17504	6.34816
7.33103	6.34816
7.47429	6.34816
7.60536	6.34816
7.72478	6.34816
7.83311	6.34816
7.93087	6.34816
8.01861	6.34816
8.09687	6.34816
8.1662	6.34816
8.22713	6.34816
8.28021	6.34816
8.32598	6.34816
8.36497	6.34816
8.39774	6.34816
8.42482	6.34816
8.44676	6.34816
8.46409	6.34816
8.47736	6.34816
8.48711	6.34816
8.49388	6.34816
8.49821	6.34816
8.50065	6.34816
8.50173	6.34816
8.502	6.34816
8.50664	6.34816
8.52001	6.34816
8.54133	6.34816
8.56986	6.34816
8.60483	6.34816
8.64549	6.34816
8.69107	6.34816
8.74083	6.34816
8.79399	6.34816
8.84981	6.34816
8.90753	6.34816
8.96638	6.34816
9.02562	6.34816
9.08447	6.34816
9.14219	6.34816
9.19801	6.34816
9.25117	6.34816
9.30093	6.34816
9.34651	6.34816
9.38717	6.34816
9.42214	6.34816
9.45067	6.34816
9.47199	6.34816
9.48536	6.34816
9.49	6.34816
9.49012	6.34816
9.49058	6.34816
9.49161	6.34816
9.49345	6.34816
9.49633	6.34816
9.50047	6.34816
9.50611	6.34816
9.51348	6.34816
9.5228	6.34816
9.53431	6.34816
9.54824	6.34816
9.56481	6.34816
9.58426	6.34816
9.60682	6.34816
9.63271	6.34816
9.66218	6.34816
9.69544	6.34816
9.73273	6.34816
9.77428	6.34816
9.82032	6.34816
9.87107	6.34816
9.92678	6.34816
9.98766	6.34816
10.054	6.34816
10.1259	6.34816
10.2037	6.34816
10.2876	6.34816
10.3778	6.34816
10.4746	6.34816
10.5782	6.34816
10.6888	6.34816
10.8067	6.34816
10.932	6.34816
11.065	6.34816
11.206	6.34816
11.3552	6.34816
11.5127	6.34816
11.6789	6.34816
11.854	6.34816
12.0381	6.34816
12.2316	6.34816
12.4346	6.34816
12.6474	6.34816
12.8703	6.34816
13.1033	6.34816
13.3469	6.34816
13.6011	6.34816
13.8663	6.34816
14.1426	6.34816
14.4303	6.34816
14.7297	6.34816
15.0409	6.34816
15.3642	6.34816
15.6998	6.34816
16.048	6.34816
16.4089	6.34816
16.7828	6.34816
17.17	6.34816
17.5706	6.34816
17.985	6.34816
18.4132	6.34816
18.8556	6.34816
19.3124	6.34816
19.7839	6.34816
20.2701	6.34816
20.7715	6.34816
21.2881	6.34816
21.8203	6.34816
22.3683	6.34816
22.9322	6.34816
23.5124	6.34816
24.109	6.34816
24.7224	6.34816
25.3526	6.34816

0	6.63896
0.548385	6.63896
1.07267	6.63896
1.57339	6.63896
2.0511	6.63896
2.50632	6.63896
2.93961	6.63896
3.35151	6.63896
3.74256	6.63896
4.11329	6.63896
4.46426	6.63896
4.796	6.63896
5.10905	6.63896
5.40396	6.63896
5.68127	6.63896
5.94152	6.63896
6.18524	6.63896
6.41299	6.63896
6.6253	6.63896
6.82272	6.63896
7.00579	6.63896
7.17504	6.63896
7.33103	6.63896
7.47429	6.63896
7.60536	6.63896
7.72478	6.63896
7.83311	6.63896
7.93087	6.63896
8.01861	6.63896
8.09687	6.63896
8.1662	6.63896
8.22713	6.63896
8.28021	6.63896
8.32598	6.63896
8.36497	6.63896
8.39774	6.63896
8.42482	6.63896
8.44676	6.63896
8.46409	6.63896
8.47736	6.63896
8.48711	6.63896
8.49388	6.63896
8.49821	6.63896
8.50065	6.63896
8.50173	6.63896
8.502	6.63896
8.50664	6.63896
8.52001	6.63896
8.54133	6.63896
8.56986	6.63896
8.60483	6.63896
8.64549	6.63896
8.69107	6.63896
8.74083	6.63896
8.79399	6.63896
8.84981	6.63896
8.90753	6.63896
8.96638	6.63896
9.02562	6.63896
9.08447	6.63896
9.14219	6.63896
9.19801	6.63896
9.25117	6.63896
9.30093	6.63896
9.34651	6.63896
9.38717	6.63896
9.42214	6.63896
9.45067	6.63896
9.47199	6.63896
9.48536	6.63896
9.49	6.63896
9.49012	6.63896
9.49058	6.63896
9.49161	6.63896
9.49345	6.63896
9.49633	6.63896
9.50047	6.63896
9.50611	6.63896
9.51348	6.63896
9.5228	6.63896
9.53431	6.63896
9.54824	6.63896
9.56481	6.63896
9.58426	6.63896
9.60682	6.63896
9.63271	6.63896
9.66218	6.63896
9.69544	6.63896
9.73273	6.63896
9.77428	6.63896
9.82032	6.63896
9.87107	6.63896
9.92678	6.63896
9.98766	6.63896
10.054	6.63896
10.1259	6.63896
10.2037	6.63896
10.2876	6.63896
10.3778	6.63896
10.4746	6.63896
10.5782	6.63896
10.6888	6.63896
10.8067	6.63896
10.932	6.63896
11.065	6.63896
11.206	6.63896
11.3552	6.63896
11.5127	6.63896
11.6789	6.63896
11.854	6.63896
12.0381	6.63896
12.2316	6.63896
12.4346	6.63896
12.6474	6.63896
12.8703	6.63896
13.1033	6.63896
13.3469	6.63896
13.6011	6.63896
13.8663	6.63896
14.1426	6.63896
14.4303	6.63896
14.7297	6.63896
15.0409	6.63896
15.3642	6.63896
15.6998	6.63896
16.048	6.63896
16.4089	6.63896
16.7828	6.63896
17.17	6.63896
17.5706	6.63896
17.985	6.63896
18.4132	6.63896
18.8556	6.63896
19.3124	6.63896
19.7839	6.63896
20.2701	6.63896
20.7715	6.63896
21.2881	6.63896
21.8203	6.63896
22.3683	6.63896
22.9322	6.63896
23.5124	6.63896
24.109	6.63896
24.7224	6.63896
25.3526	6.63896

0	6.91129
0.548385	6.91129
1.07267	6.91129
1.57339	6.91129
2.0511	6.91129
2.50632	6.91129
2.93961	6.91129
3.35151	6.91129
3.74256	6.91129
4.11329	6.91129
4.46426	6.91129
4.796	6.91129
5.10905	6.91129
5.40396	6.91129
5.68127	6.91129
5.94152	6.91129
6.18524	6.91129
6.41299	6.91129
6.6253	6.91129
6.82272	6.91129
7.00579	6.91129
7.17504	6.91129
7.33103	6.91129
7.47429	6.91129
7.60536	6.91129
7.72478	6.91129
7.83311	6.91129
7.93087	6.91129
8.01861	6.91129
8.09687	6.91129
8.1662	6.91129
8.22713	6.91129
8.28021	6.91129
8.32598	6.91129
8.36497	6.91129
8.39774	6.91129
8.42482	6.91129
8.44676	6.91129
8.46409	6.91129
8.47736	6.91129
8.48711	6.91129
8.49388	6.91129
8.49821	6.91129
8.50065	6.91129
8.50173	6.91129
8.502	6.91129
8.50664	6.91129
8.52001	6.91129
8.54133	6.91129
8.56986	6.91129
8.60483	6.91129
8.64549	6.91129
8.69107	6.91129
8.74083	6.91129
8.79399	6.91129
8.84981	6.91129
8.90753	6.91129
8.96638	6.91129
9.02562	6.91129
9.08447	6.91129
9.14219	6.91129
9.19801	6.91129
9.25117	6.91129
9.30093	6.91129
9.34651	6.91129
9.38717	6.91129
9.42214	6.91129
9.45067	6.91129
9.47199	6.91129
9.48536	6.91129
9.49	6.91129
9.49012	6.91129
9.49058	6.91129
9.49161	6.91129
9.49345	6.91129
9.49633	6.91129
9.50047	6.91129
9.50611	6.91129
9.51348	6.91129
9.5228	6.91129
9.53431	6.91129
9.54824	6.91129
9.56481	6.91129
9.58426	6.91129
9.60682	6.91129
9.63271	6.91129
9.66218	6.91129
9.69544	6.91129
9.73273	6.91129
9.77428	6.91129
9.82032	6.91129
9.87107	6.91129
9.92678	6.91129
9.98766	6.91129
10.054	6.91129
10.1259	6.91129
10.2037	6.91129
10.2876	6.91129
10.3778	6.91129
10.4746	6.91129
10.5782	6.91129
10.6888	6.91129
10.8067	6.91129
10.932	6.91129
11.065	6.91129
11.206	6.91129
11.3552	6.91129
11.5127	6.91129
11.6789	6.91129
11.854	6.91129
12.0381	6.91129
12.2316	6.91129
12.4346	6.91129
12.6474	6.91129
12.8703	6.91129
13.1033	6.91129
13.3469	6.91129
13.6011	6.91129
13.8663	6.91129
14.1426	6.91129
14.4303	6.91129
14.7297	6.91129
15.0409	6.91129
15.3642	6.91129
15.6998	6.91129
16.048	6.91129
16.4089	6.91129
16.7828	6.91129
17.17	6.91129
17.5706	6.91129
17.985	6.91129
18.4132	6.91129
18.8556	6.91129
19.3124	6.91129
19.7839	6.91129
20.2701	6.91129
20.7715	6.91129
21.2881	6.91129
21.8203	6.91129
22.3683	6.91129
22.9322	6.91129
23.5124	6.91129
24.109	6.91129
24.7224	6.91129
25.3526	6.91129

0	7.16577
0.548385	7.16577
1.07267	7.16577
1.57339	7.16577
2.0511	7.16577
2.50632	7.16577
2.93961	7.16577
3.35151	7.16577
3.74256	7.16577
4.11329	7.16577
4.46426	7.16577
4.796	7.16577
5.10905	7.16577
5.40396	7.16577
5.68127	7.16577
5.94152	7.16577
6.18524	7.16577
6.41299	7.16577
6.6253	7.16577
6.82272	7.16577
7.00579	7.16577
7.17504	7.16577
7.33103	7.16577
7.47429	7.16577
7.60536	7.16577
7.72478	7.16577
7.83311	7.16577
7.93087	7.16577
8.01861	7.16577
8.09687	7.16577
8.1662	7.16577
8.22713	7.16577
8.28021	7.16577
8.32598	7.16577
8.36497	7.16577
8.39774	7.16577
8.42482	7.16577
8.44676	7.16577
8.46409	7.16577
8.47736	7.16577
8.48711	7.16577
8.49388	7.16577
8.49821	7.16577
8.50065	7.16577
8.50173	7.16577
8.502	7.16577
8.50664	7.16577
8.52001	7.16577
8.54133	7.16577
8.56986	7.16577
8.60483	7.16577
8.64549	7.16577
8.69107	7.16577
8.74083	7.16577
8.79399	7.16577
8.84981	7.16577
8.90753	7.16577
8.96638	7.16577
9.02562	7.16577
9.08447	7.16577
9.14219	7.16577
9.19801	7.16577
9.25117	7.16577
9.30093	7.16577
9.34651	7.16577
9.38717	7.16577
9.42214	7.16577
9.45067	7.16577
9.47199	7.16577
9.48536	7.16577
9.49	7.16577
9.49012	7.16577
9.49058	7.16577
9.49161	7.16577
9.49345	7.16577
9.49633	7.16577
9.50047	7.16577
9.50611	7.16577
9.51348	7.16577
9.5228	7.16577
9.53431	7.16577
9.54824	7.16577
9.56481	7.16577
9.58426	7.16577
9.60682	7.16577
9.63271	7.16577
9.66218	7.16577
9.69544	7.16577
9.73273	7.16577
9.77428	7.16577
9.82032	7.16577
9.87107	7.16577
9.92678	7.16577
9.98766	7.16577
10.054	7.16577
10.1259	7.16577
10.2037	7.16577
10.2876	7.16577
10.3778	7.16577
10.4746	7.16577
10.5782	7.16577
10.6888	7.16577
10.8067	7.16577
10.932	7.16577
11.065	7.16577
11.206	7.16577
11.3552	7.16577
11.5127	7.16577
11.6789	7.16577
11.854	7.16577
12.0381	7.16577
12.2316	7.16577
12.4346	7.16577
12.6474	7.16577
12.8703	7.16577
13.1033	7.16577
13.3469	7.16577
13.6011	7.16577
13.8663	7.16577
14.1426	7.16577
14.4303	7.16577
14.7297	7.16577
15.0409	7.16577
15.3642	7.16577
15.6998	7.16577
16.048	7.16577
16.4089	7.16577
16.7828	7.16577
17.17	7.16577
17.5706	7.16577
17.985	7.16577
18.4132	7.16577
18.8556	7.16577
19.3124	7.16577
19.7839	7.16577
20.2701	7.16577
20.7715	7.16577
21.2881	7.16577
21.8203	7.16577
22.3683	7.16577
22.9322	7.16577
23.5124	7.16577
24.109	7.16577
24.7224	7.16577
25.3526	7.16577

0	7.40301
0.548385	7.40301
1.07267	7.40301
1.57339	7.40301
2.0511	7.40301
2.50632	7.40301
2.93961	7.40301
3.35151	7.40301
3.74256	7.40301
4.11329	7.40301
4.46426	7.40301
4.796	7.40301
5.10905	7.40301
5.40396	7.40301
5.68127	7.40301
5.94152	7.40301
6.18524	7.40301
6.41299	7.40301
6.6253	7.40301
6.82272	7.40301
7.00579	7.40301
7.17504	7.40301
7.33103	7.40301
7.47429	7.40301
7.60536	7.40301
7.72478	7.40301
7.83311	7.40301
7.93087	7.40301
8.01861	7.40301
8.09687	7.40301
8.1662	7.40301
8.22713	7.40301
8.28021	7.40301
8.32598	7.40301
8.36497	7.40301
8.39774	7.40301
8.42482	7.40301
8.44676	7.40301
8.46409	7.40301
8.47736	7.40301
8.48711	7.40301
8.49388	7.40301
8.49821	7.40301
8.50065	7.40301
8.50173	7.40301
8.502	7.40301
8.50664	7.40301
8.52001	7.40301
8.54133	7.40301
8.56986	7.40301
8.60483	7.40301
8.64549	7.40301
8.69107	7.40301
8.74083	7.40301
8.79399	7.40301
8.84981	7.40301
8.90753	7.40301
8.96638	7.40301
9.02562	7.40301
9.08447	7.40301
9.14219	7.40301
9.19801	7.40301
9.25117	7.40301
9.30093	7.40301
9.34651	7.40301
9.38717	7.40301
9.42214	7.40301
9.45067	7.40301
9.47199	7.40301
9.48536	7.40301
9.49	7.40301
9.49012	7.40301
9.49058	7.40301
9.49161	7.40301
9.49345	7.40301
9.49633	7.40301
9.50047	7.40301
9.50611	7.40301
9.51348	7.40301
9.5228	7.40301
9.53431	7.40301
9.54824	7.40301
9.56481	7.40301
9.58426	7.40301
9.60682	7.40301
9.63271	7.40301
9.66218	7.40301
9.69544	7.40301
9.73273	7.40301
9.77428	7.40301
9.82032	7.40301
9.87107	7.40301
9.92678	7.40301
9.98766	7.40301
10.054	7.40301
10.1259	7.40301
10.2037	7.40301
10.2876	7.40301
10.3778	7.40301
10.4746	7.40301
10.5782	7.40301
10.6888	7.40301
10.8067	7.40301
10.932	7.40301
11.065	7.40301
11.206	7.40301
11.3552	7.40301
11.5127	7.40301
11.6789	7.40301
11.854	7.40301
12.0381	7.40301
12.2316	7.40301
12.4346	7.40301
12.6474	7.40301
12.8703	7.40301
13.1033	7.40301
13.3469	7.40301
13.6011	7.40301
13.8663	7.40301
14.1426	7.40301
14.4303	7.40301
14.7297	7.40301
15.0409	7.40301
15.3642	7.40301
15.6998	7.40301
16.048	7.40301
16.4089	7.40301
16.7828	7.40301
17.17	7.40301
17.5706	7.40301
17.985	7.40301
18.4132	7.40301
18.8556	7.40301
19.3124	7.40301
19.7839	7.40301
20.2701	7.40301
20.7715	7.40301
21.2881	7.40301
21.8203	7.40301
22.3683	7.40301
22.9322	7.40301
23.5124	7.40301
24.109	7.40301
24.7224	7.40301
25.3526	7.40301

0	7.6236
0.548385	7.6236
1.07267	7.6236
1.57339	7.6236
2.0511	7.6236
2.50632	7.6236
2.93961	7.6236
3.35151	7.6236
3.74256	7.6236
4.11329	7.6236
4.46426	7.6236
4.796	7.6236
5.10905	7.6236
5.40396	7.6236
5.68127	7.6236
5.94152	7.6236
6.18524	7.6236
6.41299	7.6236
6.6253	7.6236
6.82272	7.6236
7.00579	7.6236
7.17504	7.6236
7.33103	7.6236
7.47429	7.6236
7.60536	7.6236
7.72478	7.6236
7.83311	7.6236
7.93087	7.6236
8.01861	7.6236
8.09687	7.6236
8.1662	7.6236
8.22713	7.6236
8.28021	7.6236
8.32598	7.6236
8.36497	7.6236
8.39774	7.6236
8.42482	7.6236
8.44676	7.6236
8.46409	7.6236
8.47736	7.6236
8.48711	7.6236
8.49388	7.6236
8.49821	7.6236
8.50065	7.6236
8.50173	7.6236
8.502	7.6236
8.50664	7.6236
8.52001	7.6236
8.54133	7.6236
8.56986	7.6236
8.60483	7.6236
8.64549	7.6236
8.69107	7.6236
8.74083	7.6236
8.79399	7.6236
8.84981	7.6236
8.90753	7.6236
8.96638	7.6236
9.02562	7.6236
9.08447	7.6236
9.14219	7.6236
9.19801	7.6236
9.25117	7.6236
9.30093	7.6236
9.34651	7.6236
9.38717	7.6236
9.42214	7.6236
9.45067	7.6236
9.47199	7.6236
9.48536	7.6236
9.49	7.6236
9.49012	7.6236
9.49058	7.6236
9.49161	7.6236
9.49345	7.6236
9.49633	7.6236
9.50047	7.6236
9.50611	7.6236
9.51348	7.6236
9.5228	7.6236
9.53431	7.6236
9.54824	7.6236
9.56481	7.6236
9.58426	7.6236
9.60682	7.6236
9.63271	7.6236
9.66218	7.6236
9.69544	7.6236
9.73273	7.6236
9.77428	7.6236
9.82032	7.6236
9.87107	7.6236
9.92678	7.6236
9.98766	7.6236
10.054	7.6236
10.1259	7.6236
10.2037	7.6236
10.2876	7.6236
10.3778	7.6236
10.4746	7.6236
10.5782	7.6236
10.6888	7.6236
10.8067	7.6236
10.932	7.6236
11.065	7.6236
11.206	7.6236
11.3552	7.6236
11.5127	7.6236
11.6789	7.6236
11.854	7.6236
12.0381	7.6236
12.2316	7.6236
12.4346	7.6236
12.6474	7.6236
12.8703	7.6236
13.1033	7.6236
13.3469	7.6236
13.6011	7.6236
13.8663	7.6236
14.1426	7.6236
14.4303	7.6236
14.7297	7.6236
15.0409	7.6236
15.3642	7.6236
15.6998	7.6236
16.048	7.6236
16.4089	7.6236
16.7828	7.6236
17.17	7.6236
17.5706	7.6236
17.985	7.6236
18.4132	7.6236
18.8556	7.6236
19.3124	7.6236
19.7839	7.6236
20.2701	7.6236
20.7715	7.6236
21.2881	7.6236
21.8203	7.6236
22.3683	7.6236
22.9322	7.6236
23.5124	7.6236
24.109	7.6236
24.7224	7.6236
25.3526	7.6236

0	7.82816
0.548385	7.82816
1.07267	7.82816
1.57339	7.82816
2.0511	7.82816
2.50632	7.82816
2.93961	7.82816
3.35151	7.82816
3.74256	7.82816
4.11329	7.82816
4.46426	7.82816
4.796	7.82816
5.10905	7.82816
5.40396	7.82816
5.68127	7.82816
5.94152	7.82816
6.18524	7.82816
6.41299	7.82816
6.6253	7.82816
6.82272	7.82816
7.00579	7.82816
7.17504	7.82816
7.33103	7.82816
7.47429	7.82816
7.60536	7.82816
7.72478	7.82816
7.83311	7.82816
7.93087	7.82816
8.01861	7.82816
8.09687	7.82816
8.1662	7.82816
8.22713	7.82816
8.28021	7.82816
8.32598	7.82816
8.36497	7.82816
8.39774	7.82816
8.42482	7.82816
8.44676	7.82816
8.46409	7.82816
8.47736	7.82816
8.48711	7.82816
8.49388	7.82816
8.49821	7.82816
8.50065	7.82816
8.50173	7.82816
8.502	7.82816
8.50664	7.82816
8.52001	7.82816
8.54133	7.82816
8.56986	7.82816
8.60483	7.82816
8.64549	7.82816
8.69107	7.82816
8.74083	7.82816
8.79399	7.82816
8.84981	7.82816
8.90753	7.82816
8.96638	7.82816
9.02562	7.82816
9.08447	7.82816
9.14219	7.82816
9.19801	7.82816
9.25117	7.82816
9.30093	7.82816
9.34651	7.82816
9.38717	7.82816
9.42214	7.82816
9.45067	7.82816
9.47199	7.82816
9.48536	7.82816
9.49	7.82816
9.49012	7.82816
9.49058	7.82816
9.49161	7.82816
9.49345	7.82816
9.49633	7.82816
9.50047	7.82816
9.50611	7.82816
9.51348	7.82816
9.5228	7.82816
9.53431	7.82816
9.54824	7.82816
9.56481	7.82816
9.58426	7.82816
9.60682	7.82816
9.63271	7.82816
9.66218	7.82816
9.69544	7.82816
9.73273	7.82816
9.77428	7.82816
9.82032	7.82816
9.87107	7.82816
9.92678	7.82816
9.98766	7.82816
10.054	7.82816
10.1259	7.82816
10.2037	7.82816
10.2876	7.82816
10.3778	7.82816
10.4746	7.82816
10.5782	7.82816
10.6888	7.82816
10.8067	7.82816
10.932	7.82816
11.065	7.82816
11.206	7.82816
11.3552	7.82816
11.5127	7.82816
11.6789	7.82816
11.854	7.82816
12.0381	7.82816
12.2316	7.82816
12.4346	7.82816
12.6474	7.82816
12.8703	7.82816
13.1033	7.82816
13.3469	7.82816
13.6011	7.82816
13.8663	7.82816
14.1426	7.82816
14.4303	7.82816
14.7297	7.82816
15.0409	7.82816
15.3642	7.82816
15.6998	7.82816
16.048	7.82816
16.4089	7.82816
16.7828	7.82816
17.17	7.82816
17.5706	7.82816
17.985	7.82816
18.4132	7.82816
18.8556	7.82816
19.3124	7.82816
19.7839	7.82816
20.2701	7.82816
20.7715	7.82816
21.2881	7.82816
21.8203	7.82816
22.3683	7.82816
22.9322	7.82816
23.5124	7.82816
24.109	7.82816
24.7224	7.82816
25.3526	7.82816

0	8.01728
0.548385	8.01728
1.07267	8.01728
1.57339	8.01728
2.0511	8.01728
2.50632	8.01728
2.93961	8.01728
3.35151	8.01728
3.74256	8.01728
4.11329	8.01728
4.46426	8.01728
4.796	8.01728
5.10905	8.01728
5.40396	8.01728
5.68127	8.01728
5.94152	8.01728
6.18524	8.01728
6.41299	8.01728
6.6253	8.01728
6.82272	8.01728
7.00579	8.01728
7.17504	8.01728
7.33103	8.01728
7.47429	8.01728
7.60536	8.01728
7.72478	8.01728
7.83311	8.01728
7.93087	8.01728
8.01861	8.01728
8.09687	8.01728
8.1662	8.01728
8.22713	8.01728
8.28021	8.01728
8.32598	8.01728
8.36497	8.01728
8.39774	8.01728
8.42482	8.01728
8.44676	8.01728
8.46409	8.01728
8.47736	8.01728
8.48711	8.01728
8.49388	8.01728
8.49821	8.01728
8.50065	8.01728
8.50173	8.01728
8.502	8.01728
8.50664	8.01728
8.52001	8.01728
8.54133	8.01728
8.56986	8.01728
8.60483	8.01728
8.64549	8.01728
8.69107	8.01728
8.74083	8.01728
8.79399	8.01728
8.84981	8.01728
8.90753	8.01728
8.96638	8.01728
9.02562	8.01728
9.08447	8.01728
9.14219	8.01728
9.19801	8.01728
9.25117	8.01728
9.30093	8.01728
9.34651	8.01728
9.38717	8.01728
9.42214	8.01728
9.45067	8.01728
9.47199	8.01728
9.48536	8.01728
9.49	8.01728
9.49012	8.01728
9.49058	8.01728
9.49161	8.01728
9.49345	8.01728
9.49633	8.01728
9.50047	8.01728
9.50611	8.01728
9.51348	8.01728
9.5228	8.01728
9.53431	8.01728
9.54824	8.01728
9.56481	8.01728
9.58426	8.01728
9.60682	8.01728
9.63271	8.01728
9.66218	8.01728
9.69544	8.01728
9.73273	8.01728
9.77428	8.01728
9.82032	8.01728
9.87107	8.01728
9.92678	8.01728
9.98766	8.01728
10.054	8.01728
10.1259	8.01728
10.2037	8.01728
10.2876	8.01728
10.3778	8.01728
10.4746	8.01728
10.5782	8.01728
10.6888	8.01728
10.8067	8.01728
10.932	8.01728
11.065	8.01728
11.206	8.01728
11.3552	8.01728
11.5127	8.01728
11.6789	8.01728
11.854	8.01728
12.0381	8.01728
12.2316	8.01728
12.4346	8.01728
12.6474	8.01728
12.8703	8.01728
13.1033	8.01728
13.3469	8.01728
13.6011	8.01728
13.8663	8.01728
14.1426	8.01728
14.4303	8.01728
14.7297	8.01728
15.0409	8.01728
15.3642	8.01728
15.6998	8.01728
16.048	8.01728
16.4089	8.01728
16.7828	8.01728
17.17	8.01728
17.5706	8.01728
17.985	8.01728
18.4132	8.01728
18.8556	8.01728
19.3124	8.01728
19.7839	8.01728
20.2701	8.01728
20.7715	8.01728
21.2881	8.01728
21.8203	8.01728
22.3683	8.01728
22.9322	8.01728
23.5124	8.01728
24.109	8.01728
24.7224	8.01728
25.3526	8.01728

0	8.19158
0.548385	8.19158
1.07267	8.19158
1.57339	8.19158
2.0511	8.19158
2.50632	8.19158
2.93961	8.19158
3.35151	8.19158
3.74256	8.19158
4.11329	8.19158
4.46426	8.19158
4.796	8.19158
5.10905	8.19158
5.40396	8.19158
5.68127	8.19158
5.94152	8.19158
6.18524	8.19158
6.41299	8.19158
6.6253	8.19158
6.82272	8.19158
7.00579	8.19158
7.17504	8.19158
7.33103	8.19158
7.47429	8.19158
7.60536	8.19158
7.72478	8.19158
7.83311	8.19158
7.93087	8.19158
8.01861	8.19158
8.09687	8.19158
8.1662	8.19158
8.22713	8.19158
8.28021	8.19158
8.32598	8.19158
8.36497	8.19158
8.39774	8.19158
8.42482	8.19158
8.44676	8.19158
8.46409	8.19158
8.47736	8.19158
8.48711	8.19158
8.49388	8.19158
8.49821	8.19158
8.50065	8.19158
8.50173	8.19158
8.502	8.19158
8.50664	8.19158
8.52001	8.19158
8.54133	8.19158
8.56986	8.19158
8.60483	8.19158
8.64549	8.19158
8.69107	8.19158
8.74083	8.19158
8.79399	8.19158
8.84981	8.19158
8.90753	8.19158
8.96638	8.19158
9.02562	8.19158
9.08447	8.19158
9.14219	8.19158
9.19801	8.19158
9.25117	8.19158
9.30093	8.19158
9.34651	8.19158
9.38717	8.19158
9.42214	8.19158
9.45067	8.19158
9.47199	8.19158
9.48536	8.19158
9.49	8.19158
9.49012	8.19158
9.49058	8.19158
9.49161	8.19158
9.49345	8.19158
9.49633	8.19158
9.50047	8.19158
9.50611	8.19158
9.51348	8.19158
9.5228	8.19158
9.53431	8.19158
9.54824	8.19158
9.56481	8.19158
9.58426	8.19158
9.60682	8.19158
9.63271	8.19158
9.66218	8.19158
9.69544	8.19158
9.73273	8.19158
9.77428	8.19158
9.82032	8.19158
9.87107	8.19158
9.92678	8.19158
9.98766	8.19158
10.054	8.19158
10.1259	8.19158
10.2037	8.19158
10.2876	8.19158
10.3778	8.19158
10.4746	8.19158
10.5782	8.19158
10.6888	8.19158
10.8067	8.19158
10.932	8.19158
11.065	8.19158
11.206	8.19158
11.3552	8.19158
11.5127	8.19158
11.6789	8.19158
11.854	8.19158
12.0381	8.19158
12.2316	8.19158
12.4346	8.19158
12.6474	8.19158
12.8703	8.19158
13.1033	8.19158
13.3469	8.19158
13.6011	8.19158
13.8663	8.19158
14.1426	8.19158
14.4303	8.19158
14.7297	8.19158
15.0409	8.19158
15.3642	8.19158
15.6998	8.19158
16.048	8.19158
16.4089	8.19158
16.7828	8.19158
17.17	8.19158
17.5706	8.19158
17.985	8.19158
18.4132	8.19158
18.8556	8.19158
19.3124	8.19158
19.7839	8.19158
20.2701	8.19158
20.7715	8.19158
21.2881	8.19158
21.8203	8.19158
22.3683	8.19158
22.9322	8.19158
23.5124	8.19158
24.109	8.19158
24.7224	8.19158
25.3526	8.19158

0	8.35165
0.548385	8.35165
1.07267	8.35165
1.57339	8.35165
2.0511	8.35165
2.50632	8.35165
2.93961	8.35165
3.35151	8.35165
3.74256	8.35165
4.11329	8.35165
4.46426	8.35165
4.796	8.35165
5.10905	8.35165
5.40396	8.35165
5.68127	8.35165
5.94152	8.35165
6.18524	8.35165
6.41299	8.35165
6.6253	8.35165
6.82272	8.35165
7.00579	8.35165
7.17504	8.35165
7.33103	8.35165
7.47429	8.35165
7.60536	8.35165
7.72478	8.35165
7.83311	8.35165
7.93087	8.35165
8.01861	8.35165
8.09687	8.35165
8.1662	8.35165
8.22713	8.35165
8.28021	8.35165
8.32598	8.35165
8.36497	8.35165
8.39774	8.35165
8.42482	8.35165
8.44676	8.35165
8.46409	8.35165
8.47736	8.35165
8.48711	8.35165
8.49388	8.35165
8.49821	8.35165
8.50065	8.35165
8.50173	8.35165
8.502	8.35165
8.50664	8.35165
8.52001	8.35165
8.54133	8.35165
8.56986	8.35165
8.60483	8.35165
8.64549	8.35165
8.69107	8.35165
8.74083	8.35165
8.79399	8.35165
8.84981	8.35165
8.90753	8.35165
8.96638	8.35165
9.02562	8.35165
9.08447	8.35165
9.14219	8.35165
9.19801	8.35165
9.25117	8.35165
9.30093	8.35165
9.34651	8.35165
9.38717	8.35165
9.42214	8.35165
9.45067	8.35165
9.47199	8.35165
9.48536	8.35165
9.49	8.35165
9.49012	8.35165
9.49058	8.35165
9.49161	8.35165
9.49345	8.35165
9.49633	8.35165
9.50047	8.35165
9.50611	8.35165
9.51348	8.35165
9.5228	8.35165
9.53431	8.35165
9.54824	8.35165
9.56481	8.35165
9.58426	8.35165
9.60682	8.35165
9.63271	8.35165
9.66218	8.35165
9.69544	8.35165
9.73273	8.35165
9.77428	8.35165
9.82032	8.35165
9.87107	8.35165
9.92678	8.35165
9.98766	8.35165
10.054	8.35165
10.1259	8.35165
10.2037	8.35165
10.2876	8.35165
10.3778	8.35165
10.4746	8.35165
10.5782	8.35165
10.6888	8.35165
10.8067	8.35165
10.932	8.35165
11.065	8.35165
11.206	8.35165
11.3552	8.35165
11.5127	8.35165
11.6789	8.35165
11.854	8.35165
12.0381	8.35165
12.2316	8.35165
12.4346	8.35165
12.6474	8.35165
12.8703	8.35165
13.1033	8.35165
13.3469	8.35165
13.6011	8.35165
13.8663	8.35165
14.1426	8.35165
14.4303	8.35165
14.7297	8.35165
15.0409	8.35165
15.3642	8.35165
15.6998	8.35165
16.048	8.35165
16.4089	8.35165
16.7828	8.35165
17.17	8.35165
17.5706	8.35165
17.985	8.35165
18.4132	8.35165
18.8556	8.35165
19.3124	8.35165
19.7839	8.35165
20.2701	8.35165
20.7715	8.35165
21.2881	8.35165
21.8203	8.35165
22.3683	8.35165
22.9322	8.35165
23.5124	8.35165
24.109	8.35165
24.7224	8.35165
25.3526	8.35165

0	8.4981
0.548385	8.4981
1.07267	8.4981
1.57339	8.4981
2.0511	8.4981
2.50632	8.4981
2.93961	8.4981
3.35151	8.4981
3.74256	8.4981
4.11329	8.4981
4.46426	8.4981
4.796	8.4981
5.10905	8.4981
5.40396	8.4981
5.68127	8.4981
5.94152	8.4981
6.18524	8.4981
6.41299	8.4981
6.6253	8.4981
6.82272	8.4981
7.00579	8.4981
7.17504	8.4981
7.33103	8.4981
7.47429	8.4981
7.60536	8.4981
7.72478	8.4981
7.83311	8.4981
7.93087	8.4981
8.01861	8.4981
8.09687	8.4981
8.1662	8.4981
8.22713	8.4981
8.28021	8.4981
8.32598	8.4981
8.36497	8.4981
8.39774	8.4981
8.42482	8.4981
8.44676	8.4981
8.46409	8.4981
8.47736	8.4981
8.48711	8.4981
8.49388	8.4981
8.49821	8.4981
8.50065	8.4981
8.50173	8.4981
8.502	8.4981
8.50664	8.4981
8.52001	8.4981
8.54133	8.4981
8.56986	8.4981
8.60483	8.4981
8.64549	8.4981
8.69107	8.4981
8.74083	8.4981
8.79399	8.4981
8.84981	8.4981
8.90753	8.4981
8.96638	8.4981
9.02562	8.4981
9.08447	8.4981
9.14219	8.4981
9.19801	8.4981
9.25117	8.4981
9.30093	8.4981
9.34651	8.4981
9.38717	8.4981
9.42214	8.4981
9.45067	8.4981
9.47199	8.4981
9.48536	8.4981
9.49	8.4981
9.49012	8.4981
9.49058	8.4981
9.49161	8.4981
9.49345	8.4981
9.49633	8.4981
9.50047	8.4981
9.50611	8.4981
9.51348	8.4981
9.5228	8.4981
9.53431	8.4981
9.54824	8.4981
9.56481	8.4981
9.58426	8.4981
9.60682	8.4981
9.63271	8.4981
9.66218	8.4981
9.69544	8.4981
9.73273	8.4981
9.77428	8.4981
9.82032	8.4981
9.87107	8.4981
9.92678	8.4981
9.98766	8.4981
10.054	8.4981
10.1259	8.4981
10.2037	8.4981
10.2876	8.4981
10.3778	8.4981
10.4746	8.4981
10.5782	8.4981
10.6888	8.4981
10.8067	8.4981
10.932	8.4981
11.065	8.4981
11.206	8.4981
11.3552	8.4981
11.5127	8.4981
11.6789	8.4981
11.854	8.4981
12.0381	8.4981
12.2316	8.4981
12.4346	8.4981
12.6474	8.4981
12.8703	8.4981
13.1033	8.4981
13.3469	8.4981
13.6011	8.4981
13.8663	8.4981
14.1426	8.4981
14.4303	8.4981
14.7297	8.4981
15.0409	8.4981
15.3642	8.4981
15.6998	8.4981
16.048	8.4981
16.4089	8.4981
16.7828	8.4981
17.17	8.4981
17.5706	8.4981
17.985	8.4981
18.4132	8.4981
18.8556	8.4981
19.3124	8.4981
19.7839	8.4981
20.2701	8.4981
20.7715	8.4981
21.2881	8.4981
21.8203	8.4981
22.3683	8.4981
22.9322	8.4981
23.5124	8.4981
24.109	8.4981
24.7224	8.4981
25.3526	8.4981

0	8.63155
0.548385	8.63155
1.07267	8.63155
1.57339	8.63155
2.0511	8.63155
2.50632	8.63155
2.93961	8.63155
3.35151	8.63155
3.74256	8.63155
4.11329	8.63155
4.46426	8.63155
4.796	8.63155
5.10905	8.63155
5.40396	8.63155
5.68127	8.63155
5.94152	8.63155
6.18524	8.63155
6.41299	8.63155
6.6253	8.63155
6.82272	8.63155
7.00579	8.63155
7.17504	8.63155
7.33103	8.63155
7.47429	8.63155
7.60536	8.63155
7.72478	8.63155
7.83311	8.63155
7.93087	8.63155
8.01861	8.63155
8.09687	8.63155
8.1662	8.63155
8.22713	8.63155
8.28021	8.63155
8.32598	8.63155
8.36497	8.63155
8.39774	8.63155
8.42482	8.63155
8.44676	8.63155
8.46409	8.63155
8.47736	8.63155
8.48711	8.63155
8.49388	8.63155
8.49821	8.63155
8.50065	8.63155
8.50173	8.63155
8.502	8.63155
8.50664	8.63155
8.52001	8.63155
8.54133	8.63155
8.56986	8.63155
8.60483	8.63155
8.64549	8.63155
8.69107	8.63155
8.74083	8.63155
8.79399	8.63155
8.84981	8.63155
8.90753	8.63155
8.96638	8.63155
9.02562	8.63155
9.08447	8.63155
9.14219	8.63155
9.19801	8.63155
9.25117	8.63155
9.30093	8.63155
9.34651	8.63155
9.38717	8.63155
9.42214	8.63155
9.45067	8.63155
9.47199	8.63155
9.48536	8.63155
9.49	8.63155
9.49012	8.63155
9.49058	8.63155
9.49161	8.63155
9.49345	8.63155
9.49633	8.63155
9.50047	8.63155
9.50611	8.63155
9.51348	8.63155
9.5228	8.63155
9.53431	8.63155
9.54824	8.63155
9.56481	8.63155
9.58426	8.63155
9.60682	8.63155
9.63271	8.63155
9.66218	8.63155
9.69544	8.63155
9.73273	8.63155
9.77428	8.63155
9.82032	8.63155
9.87107	8.63155
9.92678	8.63155
9.98766	8.63155
10.054	8.63155
10.1259	8.63155
10.2037	8.63155
10.2876	8.63155
10.3778	8.63155
10.4746	8.63155
10.5782	8.63155
10.6888	8.63155
10.8067	8.63155
10.932	8.63155
11.065	8.63155
11.206	8.63155
11.3552	8.63155
11.5127	8.63155
11.6789	8.63155
11.854	8.63155
12.0381	8.63155
12.2316	8.63155
12.4346	8.63155
12.6474	8.63155
12.8703	8.63155
13.1033	8.63155
13.3469	8.63155
13.6011	8.63155
13.8663	8.63155
14.1426	8.63155
14.4303	8.63155
14.7297	8.63155
15.0409	8.63155
15.3642	8.63155
15.6998	8.63155
16.048	8.63155
16.4089	8.63155
16.7828	8.63155
17.17	8.63155
17.5706	8.63155
17.985	8.63155
18.4132	8.63155
18.8556	8.63155
19.3124	8.63155
19.7839	8.63155
20.2701	8.63155
20.7715	8.63155
21.2881	8.63155
21.8203	8.63155
22.3683	8.63155
22.9322	8.63155
23.5124	8.63155
24.109	8.63155
24.7224	8.63155
25.3526	8.63155

0	8.75259
0.548385	8.75259
1.07267	8.75259
1.57339	8.75259
2.0511	8.75259
2.50632	8.75259
2.93961	8.75259
3.35151	8.75259
3.74256	8.75259
4.11329	8.75259
4.46426	8.75259
4.796	8.75259
5.10905	8.75259
5.40396	8.75259
5.68127	8.75259
5.94152	8.75259
6.18524	8.75259
6.41299	8.75259
6.6253	8.75259
6.82272	8.75259
7.00579	8.75259
7.17504	8.75259
7.33103	8.75259
7.47429	8.75259
7.60536	8.75259
7.72478	8.75259
7.83311	8.75259
7.93087	8.75259
8.01861	8.75259
8.09687	8.75259
8.1662	8.75259
8.22713	8.75259
8.28021	8.75259
8.32598	8.75259
8.36497	8.75259
8.39774	8.75259
8.42482	8.75259
8.44676	8.75259
8.46409	8.75259
8.47736	8.75259
8.48711	8.75259
8.49388	8.75259
8.49821	8.75259
8.50065	8.75259
8.50173	8.75259
8.502	8.75259
8.50664	8.75259
8.52001	8.75259
8.54133	8.75259
8.56986	8.75259
8.60483	8.75259
8.64549	8.75259
8.69107	8.75259
8.74083	8.75259
8.79399	8.75259
8.84981	8.75259
8.90753	8.75259
8.96638	8.75259
9.02562	8.75259
9.08447	8.75259
9.14219	8.75259
9.19801	8.75259
9.25117	8.75259
9.30093	8.75259
9.34651	8.75259
9.38717	8.75259
9.42214	8.75259
9.45067	8.75259
9.47199	8.75259
9.48536	8.75259
9.49	8.75259
9.49012	8.75259
9.49058	8.75259
9.49161	8.75259
9.49345	8.75259
9.49633	8.75259
9.50047	8.75259
9.50611	8.75259
9.51348	8.75259
9.5228	8.75259
9.53431	8.75259
9.54824	8.75259
9.56481	8.75259
9.58426	8.75259
9.60682	8.75259
9.63271	8.75259
9.66218	8.75259
9.69544	8.75259
9.73273	8.75259
9.77428	8.75259
9.82032	8.75259
9.87107	8.75259
9.92678	8.75259
9.98766	8.75259
10.054	8.75259
10.1259	8.75259
10.2037	8.75259
10.2876	8.75259
10.3778	8.75259
10.4746	8.75259
10.5782	8.75259
10.6888	8.75259
10.8067	8.75259
10.932	8.75259
11.065	8.75259
11.206	8.75259
11.3552	8.75259
11.5127	8.75259
11.6789	8.75259
11.854	8.75259
12.0381	8.75259
12.2316	8.75259
12.4346	8.75259
12.6474	8.75259
12.8703	8.75259
13.1033	8.75259
13.3469	8.75259
13.6011	8.75259
13.8663	8.75259
14.1426	8.75259
14.4303	8.75259
14.7297	8.75259
15.0409	8.75259
15.3642	8.75259
15.6998	8.75259
16.048	8.75259
16.4089	8.75259
16.7828	8.75259
17.17	8.75259
17.5706	8.75259
17.985	8.75259
18.4132	8.75259
18.8556	8.75259
19.3124	8.75259
19.7839	8.75259
20.2701	8.75259
20.7715	8.75259
21.2881	8.75259
21.8203	8.75259
22.3683	8.75259
22.9322	8.75259
23.5124	8.75259
24.109	8.75259
24.7224	8.75259
25.3526	8.75259

0	8.86183
0.548385	8.86183
1.07267	8.86183
1.57339	8.86183
2.0511	8.86183
2.50632	8.86183
2.93961	8.86183
3.35151	8.86183
3.74256	8.86183
4.11329	8.86183
4.46426	8.86183
4.796	8.86183
5.10905	8.86183
5.40396	8.86183
5.68127	8.86183
5.94152	8.86183
6.18524	8.86183
6.41299	8.86183
6.6253	8.86183
6.82272	8.86183
7.00579	8.86183
7.17504	8.86183
7.33103	8.86183
7.47429	8.86183
7.60536	8.86183
7.72478	8.86183
7.83311	8.86183
7.93087	8.86183
8.01861	8.86183
8.09687	8.86183
8.1662	8.86183
8.22713	8.86183
8.28021	8.86183
8.32598	8.86183
8.36497	8.86183
8.39774	8.86183
8.42482	8.86183
8.44676	8.86183
8.46409	8.86183
8.47736	8.86183
8.48711	8.86183
8.49388	8.86183
8.49821	8.86183
8.50065	8.86183
8.50173	8.86183
8.502	8.86183
8.50664	8.86183
8.52001	8.86183
8.54133	8.86183
8.56986	8.86183
8.60483	8.86183
8.64549	8.86183
8.69107	8.86183
8.74083	8.86183
8.79399	8.86183
8.84981	8.86183
8.90753	8.86183
8.96638	8.86183
9.02562	8.86183
9.08447	8.86183
9.14219	8.86183
9.19801	8.86183
9.25117	8.86183
9.30093	8.86183
9.34651	8.86183
9.38717	8.86183
9.42214	8.86183
9.45067	8.86183
9.47199	8.86183
9.48536	8.86183
9.49	8.86183
9.49012	8.86183
9.49058	8.86183
9.49161	8.86183
9.49345	8.86183
9.49633	8.86183
9.50047	8.86183
9.50611	8.86183
9.51348	8.86183
9.5228	8.86183
9.53431	8.86183
9.54824	8.86183
9.56481	8.86183
9.58426	8.86183
9.60682	8.86183
9.63271	8.86183
9.66218	8.86183
9.69544	8.86183
9.73273	8.86183
9.77428	8.86183
9.82032	8.86183
9.87107	8.86183
9.92678	8.86183
9.98766	8.86183
10.054	8.86183
10.1259	8.86183
10.2037	8.86183
10.2876	8.86183
10.3778	8.86183
10.4746	8.86183
10.5782	8.86183
10.6888	8.86183
10.8067	8.86183
10.932	8.86183
11.065	8.86183
11.206	8.86183
11.3552	8.86183
11.5127	8.86183
11.6789	8.86183
11.854	8.86183
12.0381	8.86183
12.2316	8.86183
12.4346	8.86183
12.6474	8.86183
12.8703	8.86183
13.1033	8.86183
13.3469	8.86183
13.6011	8.86183
13.8663	8.86183
14.1426	8.86183
14.4303	8.86183
14.7297	8.86183
15.0409	8.86183
15.3642	8.86183
15.6998	8.86183
16.048	8.86183
16.4089	8.86183
16.7828	8.86183
17.17	8.86183
17.5706	8.86183
17.985	8.86183
18.4132	8.86183
18.8556	8.86183
19.3124	8.86183
19.7839	8.86183
20.2701	8.86183
20.7715	8.86183
21.2881	8.86183
21.8203	8.86183
22.3683	8.86183
22.9322	8.86183
23.5124	8.86183
24.109	8.86183
24.7224	8.86183
25.3526	8.86183

0	8.95987
0.548385	8.95987
1.07267	8.95987
1.57339	8.95987
2.0511	8.95987
2.50632	8.95987
2.93961	8.95987
3.35151	8.95987
3.74256	8.95987
4.11329	8.95987
4.46426	8.95987
4.796	8.95987
5.10905	8.95987
5.40396	8.95987
5.68127	8.95987
5.94152	8.95987
6.18524	8.95987
6.41299	8.95987
6.6253	8.95987
6.82272	8.95987
7.00579	8.95987
7.17504	8.95987
7.33103	8.95987
7.47429	8.95987
7.60536	8.95987
7.72478	8.95987
7.83311	8.95987
7.93087	8.95987
8.01861	8.95987
8.09687	8.95987
8.1662	8.95987
8.22713	8.95987
8.28021	8.95987
8.32598	8.95987
8.36497	8.95987
8.39774	8.95987
8.42482	8.95987
8.44676	8.95987
8.46409	8.95987
8.47736	8.95987
8.48711	8.95987
8.49388	8.95987
8.49821	8.95987
8.50065	8.95987
8.50173	8.95987
8.502	8.95987
8.50664	8.95987
8.52001	8.95987
8.54133	8.95987
8.56986	8.95987
8.60483	8.95987
8.64549	8.95987
8.69107	8.95987
8.74083	8.95987
8.79399	8.95987
8.84981	8.95987
8.90753	8.95987
8.96638	8.95987
9.02562	8.95987
9.08447	8.95987
9.14219	8.95987
9.19801	8.95987
9.25117	8.95987
9.30093	8.95987
9.34651	8.95987
9.38717	8.95987
9.42214	8.95987
9.45067	8.95987
9.47199	8.95987
9.48536	8.95987
9.49	8.95987
9.49012	8.95987
9.49058	8.95987
9.49161	8.95987
9.49345	8.95987
9.49633	8.95987
9.50047	8.95987
9.50611	8.95987
9.51348	8.95987
9.5228	8.95987
9.53431	8.95987
9.54824	8.95987
9.56481	8.95987
9.58426	8.95987
9.60682	8.95987
9.63271	8.95987
9.66218	8.95987
9.69544	8.95987
9.73273	8.95987
9.77428	8.95987
9.82032	8.95987
9.87107	8.95987
9.92678	8.95987
9.98766	8.95987
10.054	8.95987
10.1259	8.95987
10.2037	8.95987
10.2876	8.95987
10.3778	8.95987
10.4746	8.95987
10.5782	8.95987
10.6888	8.95987
10.8067	8.95987
10.932	8.95987
11.065	8.95987
11.206	8.95987
11.3552	8.95987
11.5127	8.95987
11.6789	8.95987
11.854	8.95987
12.0381	8.95987
12.2316	8.95987
12.4346	8.95987
12.6474	8.95987
12.8703	8.95987
13.1033	8.95987
13.3469	8.95987
13.6011	8.95987
13.8663	8.95987
14.1426	8.95987
14.4303	8.95987
14.7297	8.95987
15.0409	8.95987
15.3642	8.95987
15.6998	8.95987
16.048	8.95987
16.4089	8.95987
16.7828	8.95987
17.17	8.95987
17.5706	8.95987
17.985	8.95987
18.4132	8.95987
18.8556	8.95987
19.3124	8.95987
19.7839	8.95987
20.2701	8.95987
20.7715	8.95987
21.2881	8.95987
21.8203	8.95987
22.3683	8.95987
22.9322	8.95987
23.5124	8.95987
24.109	8.95987
24.7224	8.95987
25.3526	8.95987

0	9.04732
0.548385	9.04732
1.07267	9.04732
1.57339	9.04732
2.0511	9.04732
2.50632	9.04732
2.93961	9.04732
3.35151	9.04732
3.74256	9.04732
4.11329	9.04732
4.46426	9.04732
4.796	9.04732
5.10905	9.04732
5.40396	9.04732
5.68127	9.04732
5.94152	9.04732
6.18524	9.04732
6.41299	9.04732
6.6253	9.04732
6.82272	9.04732
7.00579	9.04732
7.17504	9.04732
7.33103	9.04732
7.47429	9.04732
7.60536	9.04732
7.72478	9.04732
7.83311	9.04732
7.93087	9.04732
8.01861	9.04732
8.09687	9.04732
8.1662	9.04732
8.22713	9.04732
8.28021	9.04732
8.32598	9.04732
8.36497	9.04732
8.39774	9.04732
8.42482	9.04732
8.44676	9.04732
8.46409	9.04732
8.47736	9.04732
8.48711	9.04732
8.49388	9.04732
8.49821	9.04732
8.50065	9.04732
8.50173	9.04732
8.502	9.04732
8.50664	9.04732
8.52001	9.04732
8.54133	9.04732
8.56986	9.04732
8.60483	9.04732
8.64549	9.04732
8.69107	9.04732
8.74083	9.04732
8.79399	9.04732
8.84981	9.04732
8.90753	9.04732
8.96638	9.04732
9.02562	9.04732
9.08447	9.04732
9.14219	9.04732
9.19801	9.04732
9.25117	9.04732
9.30093	9.04732
9.34651	9.04732
9.38717	9.04732
9.42214	9.04732
9.45067	9.04732
9.47199	9.04732
9.48536	9.04732
9.49	9.04732
9.49012	9.04732
9.49058	9.04732
9.49161	9.04732
9.49345	9.04732
9.49633	9.04732
9.50047	9.04732
9.50611	9.04732
9.51348	9.04732
9.5228	9.04732
9.53431	9.04732
9.54824	9.04732
9.56481	9.04732
9.58426	9.04732
9.60682	9.04732
9.63271	9.04732
9.66218	9.04732
9.69544	9.04732
9.73273	9.04732
9.77428	9.04732
9.82032	9.04732
9.87107	9.04732
9.92678	9.04732
9.98766	9.04732
10.054	9.04732
10.1259	9.04732
10.2037	9.04732
10.2876	9.04732
10.3778	9.04732
10.4746	9.04732
10.5782	9.04732
10.6888	9.04732
10.8067	9.04732
10.932	9.04732
11.065	9.04732
11.206	9.04732
11.3552	9.04732
11.5127	9.04732
11.6789	9.04732
11.854	9.04732
12.0381	9.04732
12.2316	9.04732
12.4346	9.04732
12.6474	9.04732
12.8703	9.04732
13.1033	9.04732
13.3469	9.04732
13.6011	9.04732
13.8663	9.04732
14.1426	9.04732
14.4303	9.04732
14.7297	9.04732
15.0409	9.04732
15.3642	9.04732
15.6998	9.04732
16.048	9.04732
16.4089	9.04732
16.7828	9.04732
17.17	9.04732
17.5706	9.04732
17.985	9.04732
18.4132	9.04732
18.8556	9.04732
19.3124	9.04732
19.7839	9.04732
20.2701	9.04732
20.7715	9.04732
21.2881	9.04732
21.8203	9.04732
22.3683	9.04732
22.9322	9.04732
23.5124	9.04732
24.109	9.04732
24.7224	9.04732
25.3526	9.04732

0	9.12478
0.548385	9.12478
1.07267	9.12478
1.57339	9.12478
2.0511	9.12478
2.50632	9.12478
2.93961	9.12478
3.35151	9.12478
3.74256	9.12478
4.11329	9.12478
4.46426	9.12478
4.796	9.12478
5.10905	9.12478
5.40396	9.12478
5.68127	9.12478
5.94152	9.12478
6.18524	9.12478
6.41299	9.12478
6.6253	9.12478
6.82272	9.12478
7.00579	9.12478
7.17504	9.12478
7.33103	9.12478
7.47429	9.12478
7.60536	9.12478
7.72478	9.12478
7.83311	9.12478
7.93087	9.12478
8.01861	9.12478
8.09687	9.12478
8.1662	9.12478
8.22713	9.12478
8.28021	9.12478
8.32598	9.12478
8.36497	9.12478
8.39774	9.12478
8.42482	9.12478
8.44676	9.12478
8.46409	9.12478
8.47736	9.12478
8.48711	9.12478
8.49388	9.12478
8.49821	9.12478
8.50065	9.12478
8.50173	9.12478
8.502	9.12478
8.50664	9.12478
8.52001	9.12478
8.54133	9.12478
8.56986	9.12478
8.60483	9.12478
8.64549	9.12478
8.69107	9.12478
8.74083	9.12478
8.79399	9.12478
8.84981	9.12478
8.90753	9.12478
8.96638	9.12478
9.02562	9.12478
9.08447	9.12478
9.14219	9.12478
9.19801	9.12478
9.25117	9.12478
9.30093	9.12478
9.34651	9.12478
9.38717	9.12478
9.42214	9.12478
9.45067	9.12478
9.47199	9.12478
9.48536	9.12478
9.49	9.12478
9.49012	9.12478
9.49058	9.12478
9.49161	9.12478
9.49345	9.12478
9.49633	9.12478
9.50047	9.12478
9.50611	9.12478
9.51348	9.12478
9.5228	9.12478
9.53431	9.12478
9.54824	9.12478
9.56481	9.12478
9.58426	9.12478
9.60682	9.12478
9.63271	9.12478
9.66218	9.12478
9.69544	9.12478
9.73273	9.12478
9.77428	9.12478
9.82032	9.12478
9.87107	9.12478
9.92678	9.12478
9.98766	9.12478
10.054	9.12478
10.1259	9.12478
10.2037	9.12478
10.2876	9.12478
10.3778	9.12478
10.4746	9.12478
10.5782	9.12478
10.6888	9.12478
10.8067	9.12478
10.932	9.12478
11.065	9.12478
11.206	9.12478
11.3552	9.12478
11.5127	9.12478
11.6789	9.12478
11.854	9.12478
12.0381	9.12478
12.2316	9.12478
12.4346	9.12478
12.6474	9.12478
12.8703	9.12478
13.1033	9.12478
13.3469	9.12478
13.6011	9.12478
13.8663	9.12478
14.1426	9.12478
14.4303	9.12478
14.7297	9.12478
15.0409	9.12478
15.3642	9.12478
15.6998	9.12478
16.048	9.12478
16.4089	9.12478
16.7828	9.12478
17.17	9.12478
17.5706	9.12478
17.985	9.12478
18.4132	9.12478
18.8556	9.12478
19.3124	9.12478
19.7839	9.12478
20.2701	9.12478
20.7715	9.12478
21.2881	9.12478
21.8203	9.12478
22.3683	9.12478
22.9322	9.12478
23.5124	9.12478
24.109	9.12478
24.7224	9.12478
25.3526	9.12478

0	9.19287
0.548385	9.19287
1.07267	9.19287
1.57339	9.19287
2.0511	9.19287
2.50632	9.19287
2.93961	9.19287
3.35151	9.19287
3.74256	9.19287
4.11329	9.19287
4.46426	9.19287
4.796	9.19287
5.10905	9.19287
5.40396	9.19287
5.68127	9.19287
5.94152	9.19287
6.18524	9.19287
6.41299	9.19287
6.6253	9.19287
6.82272	9.19287
7.00579	9.19287
7.17504	9.19287
7.33103	9.19287
7.47429	9.19287
7.60536	9.19287
7.72478	9.19287
7.83311	9.19287
7.93087	9.19287
8.01861	9.19287
8.09687	9.19287
8.1662	9.19287
8.22713	9.19287
8.28021	9.19287
8.32598	9.19287
8.36497	9.19287
8.39774	9.19287
8.42482	9.19287
8.44676	9.19287
8.46409	9.19287
8.47736	9.19287
8.48711	9.19287
8.49388	9.19287
8.49821	9.19287
8.50065	9.19287
8.50173	9.19287
8.502	9.19287
8.50664	9.19287
8.52001	9.19287
8.54133	9.19287
8.56986	9.19287
8.60483	9.19287
8.64549	9.19287
8.69107	9.19287
8.74083	9.19287
8.79399	9.19287
8.84981	9.19287
8.90753	9.19287
8.96638	9.19287
9.02562	9.19287
9.08447	9.19287
9.14219	9.19287
9.19801	9.19287
9.25117	9.19287
9.30093	9.19287
9.34651	9.19287
9.38717	9.19287
9.42214	9.19287
9.45067	9.19287
9.47199	9.19287
9.48536	9.19287
9.49	9.19287
9.49012	9.19287
9.49058	9.19287
9.49161	9.19287
9.49345	9.19287
9.49633	9.19287
9.50047	9.19287
9.50611	9.19287
9.51348	9.19287
9.5228	9.19287
9.53431	9.19287
9.54824	9.19287
9.56481	9.19287
9.58426	9.19287
9.60682	9.19287
9.63271	9.19287
9.66218	9.19287
9.69544	9.19287
9.73273	9.19287
9.77428	9.19287
9.82032	9.19287
9.87107	9.19287
9.92678	9.19287
9.98766	9.19287
10.054	9.19287
10.1259	9.19287
10.2037	9.19287
10.2876	9.19287
10.3778	9.19287
10.4746	9.19287
10.5782	9.19287
10.6888	9.19287
10.8067	9.19287
10.932	9.19287
11.065	9.19287
11.206	9.19287
11.3552	9.19287
11.5127	9.19287
11.6789	9.19287
11.854	9.19287
12.0381	9.19287
12.2316	9.19287
12.4346	9.19287
12.6474	9.19287
12.8703	9.19287
13.1033	9.19287
13.3469	9.19287
13.6011	9.19287
13.8663	9.19287
14.1426	9.19287
14.4303	9.19287
14.7297	9.19287
15.0409	9.19287
15.3642	9.19287
15.6998	9.19287
16.048	9.19287
16.4089	9.19287
16.7828	9.19287
17.17	9.19287
17.5706	9.19287
17.985	9.19287
18.4132	9.19287
18.8556	9.19287
19.3124	9.19287
19.7839	9.19287
20.2701	9.19287
20.7715	9.19287
21.2881	9.19287
21.8203	9.19287
22.3683	9.19287
22.9322	9.19287
23.5124	9.19287
24.109	9.19287
24.7224	9.19287
25.3526	9.19287

0	9.25217
0.548385	9.25217
1.07267	9.25217
1.57339	9.25217
2.0511	9.25217
2.50632	9.25217
2.93961	9.25217
3.35151	9.25217
3.74256	9.25217
4.11329	9.25217
4.46426	9.25217
4.796	9.25217
5.10905	9.25217
5.40396	9.25217
5.68127	9.25217
5.94152	9.25217
6.18524	9.25217
6.41299	9.25217
6.6253	9.25217
6.82272	9.25217
7.00579	9.25217
7.17504	9.25217
7.33103	9.25217
7.47429	9.25217
7.60536	9.25217
7.72478	9.25217
7.83311	9.25217
7.93087	9.25217
8.01861	9.25217
8.09687	9.25217
8.1662	9.25217
8.22713	9.25217
8.28021	9.25217
8.32598	9.25217
8.36497	9.25217
8.39774	9.25217
8.42482	9.25217
8.44676	9.25217
8.46409	9.25217
8.47736	9.25217
8.48711	9.25217
8.49388	9.25217
8.49821	9.25217
8.50065	9.25217
8.50173	9.25217
8.502	9.25217
8.50664	9.25217
8.52001	9.25217
8.54133	9.25217
8.56986	9.25217
8.60483	9.25217
8.64549	9.25217
8.69107	9.25217
8.74083	9.25217
8.79399	9.25217
8.84981	9.25217
8.90753	9.25217
8.96638	9.25217
9.02562	9.25217
9.08447	9.25217
9.14219	9.25217
9.19801	9.25217
9.25117	9.25217
9.30093	9.25217
9.34651	9.25217
9.38717	9.25217
9.42214	9.25217
9.45067	9.25217
9.47199	9.25217
9.48536	9.25217
9.49	9.25217
9.49012	9.25217
9.49058	9.25217
9.49161	9.25217
9.49345	9.25217
9.49633	9.25217
9.50047	9.25217
9.50611	9.25217
9.51348	9.25217
9.5228	9.25217
9.53431	9.25217
9.54824	9.25217
9.56481	9.25217
9.58426	9.25217
9.60682	9.25217
9.63271	9.25217
9.66218	9.25217
9.69544	9.25217
9.73273	9.25217
9.77428	9.25217
9.82032	9.25217
9.87107	9.25217
9.92678	9.25217
9.98766	9.25217
10.054	9.25217
10.1259	9.25217
10.2037	9.25217
10.2876	9.25217
10.3778	9.25217
10.4746	9.25217
10.5782	9.25217
10.6888	9.25217
10.8067	9.25217
10.932	9.25217
11.065	9.25217
11.206	9.25217
11.3552	9.25217
11.5127	9.25217
11.6789	9.25217
11.854	9.25217
12.0381	9.25217
12.2316	9.25217
12.4346	9.25217
12.6474	9.25217
12.8703	9.25217
13.1033	9.25217
13.3469	9.25217
13.6011	9.25217
13.8663	9.25217
14.1426	9.25217
14.4303	9.25217
14.7297	9.25217
15.0409	9.25217
15.3642	9.25217
15.6998	9.25217
16.048	9.25217
16.4089	9.25217
16.7828	9.25217
17.17	9.25217
17.5706	9.25217
17.985	9.25217
18.4132	9.25217
18.8556	9.25217
19.3124	9.25217
19.7839	9.25217
20.2701	9.25217
20.7715	9.25217
21.2881	9.25217
21.8203	9.25217
22.3683	9.25217
22.9322	9.25217
23.5124	9.25217
24.109	9.25217
24.7224	9.25217
25.3526	9.25217

0	9.30331
0.548385	9.30331
1.07267	9.30331
1.57339	9.30331
2.0511	9.30331
2.50632	9.30331
2.93961	9.30331
3.35151	9.30331
3.74256	9.30331
4.11329	9.30331
4.46426	9.30331
4.796	9.30331
5.10905	9.30331
5.40396	9.30331
5.68127	9.30331
5.94152	9.30331
6.18524	9.30331
6.41299	9.30331
6.6253	9.30331
6.82272	9.30331
7.00579	9.30331
7.17504	9.30331
7.33103	9.30331
7.47429	9.30331
7.60536	9.30331
7.72478	9.30331
7.83311	9.30331
7.93087	9.30331
8.01861	9.30331
8.09687	9.30331
8.1662	9.30331
8.22713	9.30331
8.28021	9.30331
8.32598	9.30331
8.36497	9.30331
8.39774	9.30331
8.42482	9.30331
8.44676	9.30331
8.46409	9.30331
8.47736	9.30331
8.48711	9.30331
8.49388	9.30331
8.49821	9.30331
8.50065	9.30331
8.50173	9.30331
8.502	9.30331
8.50664	9.30331
8.52001	9.30331
8.54133	9.30331
8.56986	9.30331
8.60483	9.30331
8.64549	9.30331
8.69107	9.30331
8.74083	9.30331
8.79399	9.30331
8.84981	9.30331
8.90753	9.30331
8.96638	9.30331
9.02562	9.30331
9.08447	9.30331
9.14219	9.30331
9.19801	9.30331
9.25117	9.30331
9.30093	9.30331
9.34651	9.30331
9.38717	9.30331
9.42214	9.30331
9.45067	9.30331
9.47199	9.30331
9.48536	9.30331
9.49	9.30331
9.49012	9.30331
9.49058	9.30331
9.49161	9.30331
9.49345	9.30331
9.49633	9.30331
9.50047	9.30331
9.50611	9.30331
9.51348	9.30331
9.5228	9.30331
9.53431	9.30331
9.54824	9.30331
9.56481	9.30331
9.58426	9.30331
9.60682	9.30331
9.63271	9.30331
9.66218	9.30331
9.69544	9.30331
9.73273	9.30331
9.77428	9.30331
9.82032	9.30331
9.87107	9.30331
9.92678	9.30331
9.98766	9.30331
10.054	9.30331
10.1259	9.30331
10.2037	9.30331
10.2876	9.30331
10.3778	9.30331
10.4746	9.30331
10.5782	9.30331
10.6888	9.30331
10.8067	9.30331
10.932	9.30331
11.065	9.30331
11.206	9.30331
11.3552	9.30331
11.5127	9.30331
11.6789	9.30331
11.854	9.30331
12.0381	9.30331
12.2316	9.30331
12.4346	9.30331
12.6474	9.30331
12.8703	9.30331
13.1033	9.30331
13.3469	9.30331
13.6011	9.30331
13.8663	9.30331
14.1426	9.30331
14.4303	9.30331
14.7297	9.30331
15.0409	9.30331
15.3642	9.30331
15.6998	9.30331
16.048	9.30331
16.4089	9.30331
16.7828	9.30331
17.17	9.30331
17.5706	9.30331
17.985	9.30331
18.4132	9.30331
18.8556	9.30331
19.3124	9.30331
19.7839	9.30331
20.2701	9.30331
20.7715	9.30331
21.2881	9.30331
21.8203	9.30331
22.3683	9.30331
22.9322	9.30331
23.5124	9.30331
24.109	9.30331
24.7224	9.30331
25.3526	9.30331

0	9.34689
0.548385	9.34689
1.07267	9.34689
1.57339	9.34689
2.0511	9.34689
2.50632	9.34689
2.93961	9.34689
3.35151	9.34689
3.74256	9.34689
4.11329	9.34689
4.46426	9.34689
4.796	9.34689
5.10905	9.34689
5.40396	9.34689
5.68127	9.34689
5.94152	9.34689
6.18524	9.34689
6.41299	9.34689
6.6253	9.34689
6.82272	9.34689
7.00579	9.34689
7.17504	9.34689
7.33103	9.34689
7.47429	9.34689
7.60536	9.34689
7.72478	9.34689
7.83311	9.34689
7.93087	9.34689
8.01861	9.34689
8.09687	9.34689
8.1662	9.34689
8.22713	9.34689
8.28021	9.34689
8.32598	9.34689
8.36497	9.34689
8.39774	9.34689
8.42482	9.34689
8.44676	9.34689
8.46409	9.34689
8.47736	9.34689
8.48711	9.34689
8.49388	9.34689
8.49821	9.34689
8.50065	9.34689
8.50173	9.34689
8.502	9.34689
8.50664	9.34689
8.52001	9.34689
8.54133	9.34689
8.56986	9.34689
8.60483	9.34689
8.64549	9.34689
8.69107	9.34689
8.74083	9.34689
8.79399	9.34689
8.84981	9.34689
8.90753	9.34689
8.96638	9.34689
9.02562	9.34689
9.08447	9.34689
9.14219	9.34689
9.19801	9.34689
9.25117	9.34689
9.30093	9.34689
9.34651	9.34689
9.38717	9.34689
9.42214	9.34689
9.45067	9.34689
9.47199	9.34689
9.48536	9.34689
9.49	9.34689
9.49012	9.34689
9.49058	9.34689
9.49161	9.34689
9.49345	9.34689
9.49633	9.34689
9.50047	9.34689
9.50611	9.34689
9.51348	9.34689
9.5228	9.34689
9.53431	9.34689
9.54824	9.34689
9.56481	9.34689
9.58426	9.34689
9.60682	9.34689
9.63271	9.34689
9.66218	9.34689
9.69544	9.34689
9.73273	9.34689
9.77428	9.34689
9.82032	9.34689
9.87107	9.34689
9.92678	9.34689
9.98766	9.34689
10.054	9.34689
10.1259	9.34689
10.2037	9.34689
10.2876	9.34689
10.3778	9.34689
10.4746	9.34689
10.5782	9.34689
10.6888	9.34689
10.8067	9.34689
10.932	9.34689
11.065	9.34689
11.206	9.34689
11.3552	9.34689
11.5127	9.34689
11.6789	9.34689
11.854	9.34689
12.0381	9.34689
12.2316	9.34689
12.4346	9.34689
12.6474	9.34689
12.8703	9.34689
13.1033	9.34689
13.3469	9.34689
13.6011	9.34689
13.8663	9.34689
14.1426	9.34689
14.4303	9.34689
14.7297	9.34689
15.0409	9.34689
15.3642	9.34689
15.6998	9.34689
16.048	9.34689
16.4089	9.34689
16.7828	9.34689
17.17	9.34689
17.5706	9.34689
17.985	9.34689
18.4132	9.34689
18.8556	9.34689
19.3124	9.34689
19.7839	9.34689
20.2701	9.34689
20.7715	9.34689
21.2881	9.34689
21.8203	9.34689
22.3683	9.34689
22.9322	9.34689
23.5124	9.34689
24.109	9.34689
24.7224	9.34689
25.3526	9.34689

0	9.3835
0.548385	9.3835
1.07267	9.3835
1.57339	9.3835
2.0511	9.3835
2.50632	9.3835
2.93961	9.3835
3.35151	9.3835
3.74256	9.3835
4.11329	9.3835
4.46426	9.3835
4.796	9.3835
5.10905	9.3835
5.40396	9.3835
5.68127	9.3835
5.94152	9.3835
6.18524	9.3835
6.41299	9.3835
6.6253	9.3835
6.82272	9.3835
7.00579	9.3835
7.17504	9.3835
7.33103	9.3835
7.47429	9.3835
7.60536	9.3835
7.72478	9.3835
7.83311	9.3835
7.93087	9.3835
8.01861	9.3835
8.09687	9.3835
8.1662	9.3835
8.22713	9.3835
8.28021	9.3835
8.32598	9.3835
8.36497	9.3835
8.39774	9.3835
8.42482	9.3835
8.44676	9.3835
8.46409	9.3835
8.47736	9.3835
8.48711	9.3835
8.49388	9.3835
8.49821	9.3835
8.50065	9.3835
8.50173	9.3835
8.502	9.3835
8.50664	9.3835
8.52001	9.3835
8.54133	9.3835
8.56986	9.3835
8.60483	9.3835
8.64549	9.3835
8.69107	9.3835
8.74083	9.3835
8.79399	9.3835
8.84981	9.3835
8.90753	9.3835
8.96638	9.3835
9.02562	9.3835
9.08447	9.3835
9.14219	9.3835
9.19801	9.3835
9.25117	9.3835
9.30093	9.3835
9.34651	9.3835
9.38717	9.3835
9.42214	9.3835
9.45067	9.3835
9.47199	9.3835
9.48536	9.3835
9.49	9.3835
9.49012	9.3835
9.49058	9.3835
9.49161	9.3835
9.49345	9.3835
9.49633	9.3835
9.50047	9.3835
9.50611	9.3835
9.51348	9.3835
9.5228	9.3835
9.53431	9.3835
9.54824	9.3835
9.56481	9.3835
9.58426	9.3835
9.60682	9.3835
9.63271	9.3835
9.66218	9.3835
9.69544	9.3835
9.73273	9.3835
9.77428	9.3835
9.82032	9.3835
9.87107	9.3835
9.92678	9.3835
9.98766	9.3835
10.054	9.3835
10.1259	9.3835
10.2037	9.3835
10.2876	9.3835
10.3778	9.3835
10.4746	9.3835
10.5782	9.3835
10.6888	9.3835
10.8067	9.3835
10.932	9.3835
11.065	9.3835
11.206	9.3835
11.3552	9.3835
11.5127	9.3835
11.6789	9.3835
11.854	9.3835
12.0381	9.3835
12.2316	9.3835
12.4346	9.3835
12.6474	9.3835
12.8703	9.3835
13.1033	9.3835
13.3469	9.3835
13.6011	9.3835
13.8663	9.3835
14.1426	9.3835
14.4303	9.3835
14.7297	9.3835
15.0409	9.3835
15.3642	9.3835
15.6998	9.3835
16.048	9.3835
16.4089	9.3835
16.7828	9.3835
17.17	9.3835
17.5706	9.3835
17.985	9.3835
18.4132	9.3835
18.8556	9.3835
19.3124	9.3835
19.7839	9.3835
20.2701	9.3835
20.7715	9.3835
21.2881	9.3835
21.8203	9.3835
22.3683	9.3835
22.9322	9.3835
23.5124	9.3835
24.109	9.3835
24.7224	9.3835
25.3526	9.3835

0	9.41376
0.548385	9.41376
1.07267	9.41376
1.57339	9.41376
2.0511	9.41376
2.50632	9.41376
2.93961	9.41376
3.35151	9.41376
3.74256	9.41376
4.11329	9.41376
4.46426	9.41376
4.796	9.41376
5.10905	9.41376
5.40396	9.41376
5.68127	9.41376
5.94152	9.41376
6.18524	9.41376
6.41299	9.41376
6.6253	9.41376
6.82272	9.41376
7.00579	9.41376
7.17504	9.41376
7.33103	9.41376
7.47429	9.41376
7.60536	9.41376
7.72478	9.41376
7.83311	9.41376
7.93087	9.41376
8.01861	9.41376
8.09687	9.41376
8.1662	9.41376
8.22713	9.41376
8.28021	9.41376
8.32598	9.41376
8.36497	9.41376
8.39774	9.41376
8.42482	9.41376
8.44676	9.41376
8.46409	9.41376
8.47736	9.41376
8.48711	9.41376
8.49388	9.41376
8.49821	9.41376
8.50065	9.41376
8.50173	9.41376
8.502	9.41376
8.50664	9.41376
8.52001	9.41376
8.54133	9.41376
8.56986	9.41376
8.60483	9.41376
8.64549	9.41376
8.69107	9.41376
8.74083	9.41376
8.79399	9.41376
8.84981	9.41376
8.90753	9.41376
8.96638	9.41376
9.02562	9.41376
9.08447	9.41376
9.14219	9.41376
9.19801	9.41376
9.25117	9.41376
9.30093	9.41376
9.34651	9.41376
9.38717	9.41376
9.42214	9.41376
9.45067	9.41376
9.47199	9.41376
9.48536	9.41376
9.49	9.41376
9.49012	9.41376
9.49058	9.41376
9.49161	9.41376
9.49345	9.41376
9.49633	9.41376
9.50047	9.41376
9.50611	9.41376
9.51348	9.41376
9.5228	9.41376
9.53431	9.41376
9.54824	9.41376
9.56481	9.41376
9.58426	9.41376
9.60682	9.41376
9.63271	9.41376
9.66218	9.41376
9.69544	9.41376
9.73273	9.41376
9.77428	9.41376
9.82032	9.41376
9.87107	9.41376
9.92678	9.41376
9.98766	9.41376
10.054	9.41376
10.1259	9.41376
10.2037	9.41376
10.2876	9.41376
10.3778	9.41376
10.4746	9.41376
10.5782	9.41376
10.6888	9.41376
10.8067	9.41376
10.932	9.41376
11.065	9.41376
11.206	9.41376
11.3552	9.41376
11.5127	9.41376
11.6789	9.41376
11.854	9.41376
12.0381	9.41376
12.2316	9.41376
12.4346	9.41376
12.6474	9.41376
12.8703	9.41376
13.1033	9.41376
13.3469	9.41376
13.6011	9.41376
13.8663	9.41376
14.1426	9.41376
14.4303	9.41376
14.7297	9.41376
15.0409	9.41376
15.3642	9.41376
15.6998	9.41376
16.048	9.41376
16.4089	9.41376
16.7828	9.41376
17.17	9.41376
17.5706	9.41376
17.985	9.41376
18.4132	9.41376
18.8556	9.41376
19.3124	9.41376
19.7839	9.41376
20.2701	9.41376
20.7715	9.41376
21.2881	9.41376
21.8203	9.41376
22.3683	9.41376
22.9322	9.41376
23.5124	9.41376
24.109	9.41376
24.7224	9.41376
25.3526	9.41376

0	9.43827
0.548385	9.43827
1.07267	9.43827
1.57339	9.43827
2.0511	9.43827
2.50632	9.43827
2.93961	9.43827
3.35151	9.43827
3.74256	9.43827
4.11329	9.43827
4.46426	9.43827
4.796	9.43827
5.10905	9.43827
5.40396	9.43827
5.68127	9.43827
5.94152	9.43827
6.18524	9.43827
6.41299	9.43827
6.6253	9.43827
6.82272	9.43827
7.00579	9.43827
7.17504	9.43827
7.33103	9.43827
7.47429	9.43827
7.60536	9.43827
7.72478	9.43827
7.83311	9.43827
7.93087	9.43827
8.01861	9.43827
8.09687	9.43827
8.1662	9.43827
8.22713	9.43827
8.28021	9.43827
8.32598	9.43827
8.36497	9.43827
8.39774	9.43827
8.42482	9.43827
8.44676	9.43827
8.46409	9.43827
8.47736	9.43827
8.48711	9.43827
8.49388	9.43827
8.49821	9.43827
8.50065	9.43827
8.50173	9.43827
8.502	9.43827
8.50664	9.43827
8.52001	9.43827
8.54133	9.43827
8.56986	9.43827
8.60483	9.43827
8.64549	9.43827
8.69107	9.43827
8.74083	9.43827
8.79399	9.43827
8.84981	9.43827
8.90753	9.43827
8.96638	9.43827
9.02562	9.43827
9.08447	9.43827
9.14219	9.43827
9.19801	9.43827
9.25117	9.43827
9.30093	9.43827
9.34651	9.43827
9.38717	9.43827
9.42214	9.43827
9.45067	9.43827
9.47199	9.43827
9.48536	9.43827
9.49	9.43827
9.49012	9.43827
9.49058	9.43827
9.49161	9.43827
9.49345	9.43827
9.49633	9.43827
9.50047	9.43827
9.50611	9.43827
9.51348	9.43827
9.5228	9.43827
9.53431	9.43827
9.54824	9.43827
9.56481	9.43827
9.58426	9.43827
9.60682	9.43827
9.63271	9.43827
9.66218	9.43827
9.69544	9.43827
9.73273	9.43827
9.77428	9.43827
9.82032	9.43827
9.87107	9.43827
9.92678	9.43827
9.98766	9.43827
10.054	9.43827
10.1259	9.43827
10.2037	9.43827
10.2876	9.43827
10.3778	9.43827
10.4746	9.43827
10.5782	9.43827
10.6888	9.43827
10.8067	9.43827
10.932	9.43827
11.065	9.43827
11.206	9.43827
11.3552	9.43827
11.5127	9.43827
11.6789	9.43827
11.854	9.43827
12.0381	9.43827
12.2316	9.43827
12.4346	9.43827
12.6474	9.43827
12.8703	9.43827
13.1033	9.43827
13.3469	9.43827
13.6011	9.43827
13.8663	9.43827
14.1426	9.43827
14.4303	9.43827
14.7297	9.43827
15.0409	9.43827
15.3642	9.43827
15.6998	9.43827
16.048	9.43827
16.4089	9.43827
16.7828	9.43827
17.17	9.43827
17.5706	9.43827
17.985	9.43827
18.4132	9.43827
18.8556	9.43827
19.3124	9.43827
19.7839	9.43827
20.2701	9.43827
20.7715	9.43827
21.2881	9.43827
21.8203	9.43827
22.3683	9.43827
22.9322	9.43827
23.5124	9.43827
24.109	9.43827
24.7224	9.43827
25.3526	9.43827

0	9.45764
0.548385	9.45764
1.07267	9.45764
1.57339	9.45764
2.0511	9.45764
2.50632	9.45764
2.93961	9.45764
3.35151	9.45764
3.74256	9.45764
4.11329	9.45764
4.46426	9.45764
4.796	9.45764
5.10905	9.45764
5.40396	9.45764
5.68127	9.45764
5.94152	9.45764
6.18524	9.45764
6.41299	9.45764
6.6253	9.45764
6.82272	9.45764
7.00579	9.45764
7.17504	9.45764
7.33103	9.45764
7.47429	9.45764
7.60536	9.45764
7.72478	9.45764
7.83311	9.45764
7.93087	9.45764
8.01861	9.45764
8.09687	9.45764
8.1662	9.45764
8.22713	9.45764
8.28021	9.45764
8.32598	9.45764
8.36497	9.45764
8.39774	9.45764
8.42482	9.45764
8.44676	9.45764
8.46409	9.45764
8.47736	9.45764
8.48711	9.45764
8.49388	9.45764
8.49821	9.45764
8.50065	9.45764
8.50173	9.45764
8.502	9.45764
8.50664	9.45764
8.52001	9.45764
8.54133	9.45764
8.56986	9.45764
8.60483	9.45764
8.64549	9.45764
8.69107	9.45764
8.74083	9.45764
8.79399	9.45764
8.84981	9.45764
8.90753	9.45764
8.96638	9.45764
9.02562	9.45764
9.08447	9.45764
9.14219	9.45764
9.19801	9.45764
9.25117	9.45764
9.30093	9.45764
9.34651	9.45764
9.38717	9.45764
9.42214	9.45764
9.45067	9.45764
9.47199	9.45764
9.48536	9.45764
9.49	9.45764
9.49012	9.45764
9.49058	9.45764
9.49161	9.45764
9.49345	9.45764
9.49633	9.45764
9.50047	9.45764
9.50611	9.45764
9.51348	9.45764
9.5228	9.45764
9.53431	9.45764
9.54824	9.45764
9.56481	9.45764
9.58426	9.45764
9.60682	9.45764
9.63271	9.45764
9.66218	9.45764
9.69544	9.45764
9.73273	9.45764
9.77428	9.45764
9.82032	9.45764
9.87107	9.45764
9.92678	9.45764
9.98766	9.45764
10.054	9.45764
10.1259	9.45764
10.2037	9.45764
10.2876	9.45764
10.3778	9.45764
10.4746	9.45764
10.5782	9.45764
10.6888	9.45764
10.8067	9.45764
10.932	9.45764
11.065	9.45764
11.206	9.45764
11.3552	9.45764
11.5127	9.45764
11.6789	9.45764
11.854	9.45764
12.0381	9.45764
12.2316	9.45764
12.4346	9.45764
12.6474	9.45764
12.8703	9.45764
13.1033	9.45764
13.3469	9.45764
13.6011	9.45764
13.8663	9.45764
14.1426	9.45764
14.4303	9.45764
14.7297	9.45764
15.0409	9.45764
15.3642	9.45764
15.6998	9.45764
16.048	9.45764
16.4089	9.45764
16.7828	9.45764
17.17	9.45764
17.5706	9.45764
17.985	9.45764
18.4132	9.45764
18.8556	9.45764
19.3124	9.45764
19.7839	9.45764
20.2701	9.45764
20.7715	9.45764
21.2881	9.45764
21.8203	9.45764
22.3683	9.45764
22.9322	9.45764
23.5124	9.45764
24.109	9.45764
24.7224	9.45764
25.3526	9.45764

0	9.47246
0.548385	9.47246
1.07267	9.47246
1.57339	9.47246
2.0511	9.47246
2.50632	9.47246
2.93961	9.47246
3.35151	9.47246
3.74256	9.47246
4.11329	9.47246
4.46426	9.47246
4.796	9.47246
5.10905	9.47246
5.40396	9.47246
5.68127	9.47246
5.94152	9.47246
6.18524	9.47246
6.41299	9.47246
6.6253	9.47246
6.82272	9.47246
7.00579	9.47246
7.17504	9.47246
7.33103	9.47246
7.47429	9.47246
7.60536	9.47246
7.72478	9.47246
7.83311	9.47246
7.93087	9.47246
8.01861	9.47246
8.09687	9.47246
8.1662	9.47246
8.22713	9.47246
8.28021	9.47246
8.32598	9.47246
8.36497	9.47246
8.39774	9.47246
8.42482	9.47246
8.44676	9.47246
8.46409	9.47246
8.47736	9.47246
8.48711	9.47246
8.49388	9.47246
8.49821	9.47246
8.50065	9.47246
8.50173	9.47246
8.502	9.47246
8.50664	9.47246
8.52001	9.47246
8.54133	9.47246
8.56986	9.47246
8.60483	9.47246
8.64549	9.47246
8.69107	9.47246
8.74083	9.47246
8.79399	9.47246
8.84981	9.47246
8.90753	9.47246
8.96638	9.47246
9.02562	9.47246
9.08447	9.47246
9.14219	9.47246
9.19801	9.47246
9.25117	9.47246
9.30093	9.47246
9.34651	9.47246
9.38717	9.47246
9.42214	9.47246
9.45067	9.47246
9.47199	9.47246
9.48536	9.47246
9.49	9.47246
9.49012	9.47246
9.49058	9.47246
9.49161	9.47246
9.49345	9.47246
9.49633	9.47246
9.50047	9.47246
9.50611	9.47246
9.51348	9.47246
9.5228	9.47246
9.53431	9.47246
9.54824	9.47246
9.56481	9.47246
9.58426	9.47246
9.60682	9.47246
9.63271	9.47246
9.66218	9.47246
9.69544	9.47246
9.73273	9.47246
9.77428	9.47246
9.82032	9.47246
9.87107	9.47246
9.92678	9.47246
9.98766	9.47246
10.054	9.47246
10.1259	9.47246
10.2037	9.47246
10.2876	9.47246
10.3778	9.47246
10.4746	9.47246
10.5782	9.47246
10.6888	9.47246
10.8067	9.47246
10.932	9.47246
11.065	9.47246
11.206	9.47246
11.3552	9.47246
11.5127	9.47246
11.6789	9.47246
11.854	9.47246
12.0381	9.47246
12.2316	9.47246
12.4346	9.47246
12.6474	9.47246
12.8703	9.47246
13.1033	9.47246
13.3469	9.47246
13.6011	9.47246
13.8663	9.47246
14.1426	9.47246
14.4303	9.47246
14.7297	9.47246
15.0409	9.47246
15.3642	9.47246
15.6998	9.47246
16.048	9.47246
16.4089	9.47246
16.7828	9.47246
17.17	9.47246
17.5706	9.47246
17.985	9.47246
18.4132	9.47246
18.8556	9.47246
19.3124	9.47246
19.7839	9.47246
20.2701	9.47246
20.7715	9.47246
21.2881	9.47246
21.8203	9.47246
22.3683	9.47246
22.9322	9.47246
23.5124	9.47246
24.109	9.47246
24.7224	9.47246
25.3526	9.47246

0	9.48336
0.548385	9.48336
1.07267	9.48336
1.57339	9.48336
2.0511	9.48336
2.50632	9.48336
2.93961	9.48336
3.35151	9.48336
3.74256	9.48336
4.11329	9.48336
4.46426	9.48336
4.796	9.48336
5.10905	9.48336
5.40396	9.48336
5.68127	9.48336
5.94152	9.48336
6.18524	9.48336
6.41299	9.48336
6.6253	9.48336
6.82272	9.48336
7.00579	9.48336
7.17504	9.48336
7.33103	9.48336
7.47429	9.48336
7.60536	9.48336
7.72478	9.48336
7.83311	9.48336
7.93087	9.48336
8.01861	9.48336
8.09687	9.48336
8.1662	9.48336
8.22713	9.48336
8.28021	9.48336
8.32598	9.48336
8.36497	9.48336
8.39774	9.48336
8.42482	9.48336
8.44676	9.48336
8.46409	9.48336
8.47736	9.48336
8.48711	9.48336
8.49388	9.48336
8.49821	9.48336
8.50065	9.48336
8.50173	9.48336
8.502	9.48336
8.50664	9.48336
8.52001	9.48336
8.54133	9.48336
8.56986	9.48336
8.60483	9.48336
8.64549	9.48336
8.69107	9.48336
8.74083	9.48336
8.79399	9.48336
8.84981	9.48336
8.90753	9.48336
8.96638	9.48336
9.02562	9.48336
9.08447	9.48336
9.14219	9.48336
9.19801	9.48336
9.25117	9.48336
9.30093	9.48336
9.34651	9.48336
9.38717	9.48336
9.42214	9.48336
9.45067	9.48336
9.47199	9.48336
9.48536	9.48336
9.49	9.48336
9.49012	9.48336
9.49058	9.48336
9.49161	9.48336
9.49345	9.48336
9.49633	9.48336
9.50047	9.48336
9.50611	9.48336
9.51348	9.48336
9.5228	9.48336
9.53431	9.48336
9.54824	9.48336
9.56481	9.48336
9.58426	9.48336
9.60682	9.48336
9.63271	9.48336
9.66218	9.48336
9.69544	9.48336
9.73273	9.48336
9.77428	9.48336
9.82032	9.48336
9.87107	9.48336
9.92678	9.48336
9.98766	9.48336
10.054	9.48336
10.1259	9.48336
10.2037	9.48336
10.2876	9.48336
10.3778	9.48336
10.4746	9.48336
10.5782	9.48336
10.6888	9.48336
10.8067	9.48336
10.932	9.48336
11.065	9.48336
11.206	9.48336
11.3552	9.48336
11.5127	9.48336
11.6789	9.48336
11.854	9.48336
12.0381	9.48336
12.2316	9.48336
12.4346	9.48336
12.6474	9.48336
12.8703	9.48336
13.1033	9.48336
13.3469	9.48336
13.6011	9.48336
13.8663	9.48336
14.1426	9.48336
14.4303	9.48336
14.7297	9.48336
15.0409	9.48336
15.3642	9.48336
15.6998	9.48336
16.048	9.48336
16.4089	9.48336
16.7828	9.48336
17.17	9.48336
17.5706	9.48336
17.985	9.48336
18.4132	9.48336
18.8556	9.48336
19.3124	9.48336
19.7839	9.48336
20.2701	9.48336
20.7715	9.48336
21.2881	9.48336
21.8203	9.48336
22.3683	9.48336
22.9322	9.48336
23.5124	9.48336
24.109	9.48336
24.7224	9.48336
25.3526	9.48336

0	9.49092
0.548385	9.49092
1.07267	9.49092
1.57339	9.49092
2.0511	9.49092
2.50632	9.49092
2.93961	9.49092
3.35151	9.49092
3.74256	9.49092
4.11329	9.49092
4.46426	9.49092
4.796	9.49092
5.10905	9.49092
5.40396	9.49092
5.68127	9.49092
5.94152	9.49092
6.18524	9.49092
6.41299	9.49092
6.6253	9.49092
6.82272	9.49092
7.00579	9.49092
7.17504	9.49092
7.33103	9.49092
7.47429	9.49092
7.60536	9.49092
7.72478	9.49092
7.83311	9.49092
7.93087	9.49092
8.01861	9.49092
8.09687	9.49092
8.1662	9.49092
8.22713	9.49092
8.28021	9.49092
8.32598	9.49092
8.36497	9.49092
8.39774	9.49092
8.42482	9.49092
8.44676	9.49092
8.46409	9.49092
8.47736	9.49092
8.48711	9.49092
8.49388	9.49092
8.49821	9.49092
8.50065	9.49092
8.50173	9.49092
8.502	9.49092
8.50664	9.49092
8.52001	9.49092
8.54133	9.49092
8.56986	9.49092
8.60483	9.49092
8.64549	9.49092
8.69107	9.49092
8.74083	9.49092
8.79399	9.49092
8.84981	9.49092
8.90753	9.49092
8.96638	9.49092
9.02562	9.49092
9.08447	9.49092
9.14219	9.49092
9.19801	9.49092
9.25117	9.49092
9.30093	9.49092
9.34651	9.49092
9.38717	9.49092
9.42214	9.49092
9.45067	9.49092
9.47199	9.49092
9.48536	9.49092
9.49	9.49092
9.49012	9.49092
9.49058	9.49092
9.49161	9.49092
9.49345	9.49092
9.49633	9.49092
9.50047	9.49092
9.50611	9.49092
9.51348	9.49092
9.5228	9.49092
9.53431	9.49092
9.54824	9.49092
9.56481	9.49092
9.58426	9.49092
9.60682	9.49092
9.63271	9.49092
9.66218	9.49092
9.69544	9.49092
9.73273	9.49092
9.77428	9.49092
9.82032	9.49092
9.87107	9.49092
9.92678	9.49092
9.98766	9.49092
10.054	9.49092
10.1259	9.49092
10.2037	9.49092
10.2876	9.49092
10.3778	9.49092
10.4746	9.49092
10.5782	9.49092
10.6888	9.49092
10.8067	9.49092
10.932	9.49092
11.065	9.49092
11.206	9.49092
11.3552	9.49092
11.5127	9.49092
11.6789	9.49092
11.854	9.49092
12.0381	9.49092
12.2316	9.49092
12.4346	9.49092
12.6474	9.49092
12.8703	9.49092
13.1033	9.49092
13.3469	9.49092
13.6011	9.49092
13.8663	9.49092
14.1426	9.49092
14.4303	9.49092
14.7297	9.49092
15.0409	9.49092
15.3642	9.49092
15.6998	9.49092
16.048	9.49092
16.4089	9.49092
16.7828	9.49092
17.17	9.49092
17.5706	9.49092
17.985	9.49092
18.4132	9.49092
18.8556	9.49092
19.3124	9.49092
19.7839	9.49092
20.2701	9.49092
20.7715	9.49092
21.2881	9.49092
21.8203	9.49092
22.3683	9.49092
22.9322	9.49092
23.5124	9.49092
24.109	9.49092
24.7224	9.49092
25.3526	9.49092

0	9.49576
0.548385	9.49576
1.07267	9.49576
1.57339	9.49576
2.0511	9.49576
2.50632	9.49576
2.93961	9.49576
3.35151	9.49576
3.74256	9.49576
4.11329	9.49576
4.46426	9.49576
4.796	9.49576
5.10905	9.49576
5.40396	9.49576
5.68127	9.49576
5.94152	9.49576
6.18524	9.49576
6.41299	9.49576
6.6253	9.49576
6.82272	9.49576
7.00579	9.49576
7.17504	9.49576
7.33103	9.49576
7.47429	9.49576
7.60536	9.49576
7.72478	9.49576
7.83311	9.49576
7.93087	9.49576
8.01861	9.49576
8.09687	9.49576
8.1662	9.49576
8.22713	9.49576
8.28021	9.49576
8.32598	9.49576
8.36497	9.49576
8.39774	9.49576
8.42482	9.49576
8.44676	9.49576
8.46409	9.49576
8.47736	9.49576
8.48711	9.49576
8.49388	9.49576
8.49821	9.49576
8.50065	9.49576
8.50173	9.49576
8.502	9.49576
8.50664	9.49576
8.52001	9.49576
8.54133	9.49576
8.56986	9.49576
8.60483	9.49576
8.64549	9.49576
8.69107	9.49576
8.74083	9.49576
8.79399	9.49576
8.84981	9.49576
8.90753	9.49576
8.96638	9.49576
9.02562	9.49576
9.08447	9.49576
9.14219	9.49576
9.19801	9.49576
9.25117	9.49576
9.30093	9.49576
9.34651	9.49576
9.38717	9.49576
9.42214	9.49576
9.45067	9.49576
9.47199	9.49576
9.48536	9.49576
9.49	9.49576
9.49012	9.49576
9.49058	9.49576
9.49161	9.49576
9.49345	9.49576
9.49633	9.49576
9.50047	9.49576
9.50611	9.49576
9.51348	9.49576
9.5228	9.49576
9.53431	9.49576
9.54824	9.49576
9.56481	9.49576
9.58426	9.49576
9.60682	9.49576
9.63271	9.49576
9.66218	9.49576
9.69544	9.49576
9.73273	9.49576
9.77428	9.49576
9.82032	9.49576
9.87107	9.49576
9.92678	9.49576
9.98766	9.49576
10.054	9.49576
10.1259	9.49576
10.2037	9.49576
10.2876	9.49576
10.3778	9.49576
10.4746	9.49576
10.5782	9.49576
10.6888	9.49576
10.8067	9.49576
10.932	9.49576
11.065	9.49576
11.206	9.49576
11.3552	9.49576
11.5127	9.49576
11.6789	9.49576
11.854	9.49576
12.0381	9.49576
12.2316	9.49576
12.4346	9.49576
12.6474	9.49576
12.8703	9.49576
13.1033	9.49576
13.3469	9.49576
13.6011	9.49576
13.8663	9.49576
14.1426	9.49576
14.4303	9.49576
14.7297	9.49576
15.0409	9.49576
15.3642	9.49576
15.6998	9.49576
16.048	9.49576
16.4089	9.49576
16.7828	9.49576
17.17	9.49576
17.5706	9.49576
17.985	9.49576
18.4132	9.49576
18.8556	9.49576
19.3124	9.49576
19.7839	9.49576
20.2701	9.49576
20.7715	9.49576
21.2881	9.49576
21.8203	9.49576
22.3683	9.49576
22.9322	9.49576
23.5124	9.49576
24.109	9.49576
24.7224	9.49576
25.3526	9.49576

0	9.49849
0.548385	9.49849
1.07267	9.49849
1.57339	9.49849
2.0511	9.49849
2.50632	9.49849
2.93961	9.49849
3.35151	9.49849
3.74256	9.49849
4.11329	9.49849
4.46426	9.49849
4.796	9.49849
5.10905	9.49849
5.40396	9.49849
5.68127	9.49849
5.94152	9.49849
6.18524	9.49849
6.41299	9.49849
6.6253	9.49849
6.82272	9.49849
7.00579	9.49849
7.17504	9.49849
7.33103	9.49849
7.47429	9.49849
7.60536	9.49849
7.72478	9.49849
7.83311	9.49849
7.93087	9.49849
8.01861	9.49849
8.09687	9.49849
8.1662	9.49849
8.22713	9.49849
8.28021	9.49849
8.32598	9.49849
8.36497	9.49849
8.39774	9.49849
8.42482	9.49849
8.44676	9.49849
8.46409	9.49849
8.47736	9.49849
8.48711	9.49849
8.49388	9.49849
8.49821	9.49849
8.50065	9.49849
8.50173	9.49849
8.502	9.49849
8.50664	9.49849
8.52001	9.49849
8.54133	9.49849
8.56986	9.49849
8.60483	9.49849
8.64549	9.49849
8.69107	9.49849
8.74083	9.49849
8.79399	9.49849
8.84981	9.49849
8.90753	9.49849
8.96638	9.49849
9.02562	9.49849
9.08447	9.49849
9.14219	9.49849
9.19801	9.49849
9.25117	9.49849
9.30093	9.49849
9.34651	9.49849
9.38717	9.49849
9.42214	9.49849
9.45067	9.49849
9.47199	9.49849
9.48536	9.49849
9.49	9.49849
9.49012	9.49849
9.49058	9.49849
9.49161	9.49849
9.49345	9.49849
9.49633	9.49849
9.50047	9.49849
9.50611	9.49849
9.51348	9.49849
9.5228	9.49849
9.53431	9.49849
9.54824	9.49849
9.56481	9.49849
9.58426	9.49849
9.60682	9.49849
9.63271	9.49849
9.66218	9.49849
9.69544	9.49849
9.73273	9.49849
9.77428	9.49849
9.82032	9.49849
9.87107	9.49849
9.92678	9.49849
9.98766	9.49849
10.054	9.49849
10.1259	9.49849
10.2037	9.49849
10.2876	9.49849
10.3778	9.49849
10.4746	9.49849
10.5782	9.49849
10.6888	9.49849
10.8067	9.49849
10.932	9.49849
11.065	9.49849
11.206	9.49849
11.3552	9.49849
11.5127	9.49849
11.6789	9.49849
11.854	9.49849
12.0381	9.49849
12.2316	9.49849
12.4346	9.49849
12.6474	9.49849
12.8703	9.49849
13.1033	9.49849
13.3469	9.49849
13.6011	9.49849
13.8663	9.49849
14.1426	9.49849
14.4303	9.49849
14.7297	9.49849
15.0409	9.49849
15.3642	9.49849
15.6998	9.49849
16.048	9.49849
16.4089	9.49849
16.7828	9.49849
17.17	9.49849
17.5706	9.49849
17.985	9.49849
18.4132	9.49849
18.8556	9.49849
19.3124	9.49849
19.7839	9.49849
20.2701	9.49849
20.7715	9.49849
21.2881	9.49849
21.8203	9.49849
22.3683	9.49849
22.9322	9.49849
23.5124	9.49849
24.109	9.49849
24.7224	9.49849
25.3526	9.49849

0	9.4997
0.548385	9.4997
1.07267	9.4997
1.57339	9.4997
2.0511	9.4997
2.50632	9.4997
2.93961	9.4997
3.35151	9.4997
3.74256	9.4997
4.11329	9.4997
4.46426	9.4997
4.796	9.4997
5.10905	9.4997
5.40396	9.4997
5.68127	9.4997
5.94152	9.4997
6.18524	9.4997
6.41299	9.4997
6.6253	9.4997
6.82272	9.4997
7.00579	9.4997
7.17504	9.4997
7.33103	9.4997
7.47429	9.4997
7.60536	9.4997
7.72478	9.4997
7.83311	9.4997
7.93087	9.4997
8.01861	9.4997
8.09687	9.4997
8.1662	9.4997
8.22713	9.4997
8.28021	9.4997
8.32598	9.4997
8.36497	9.4997
8.39774	9.4997
8.42482	9.4997
8.44676	9.4997
8.46409	9.4997
8.47736	9.4997
8.48711	9.4997
8.49388	9.4997
8.49821	9.4997
8.50065	9.4997
8.50173	9.4997
8.502	9.4997
8.50664	9.4997
8.52001	9.4997
8.54133	9.4997
8.56986	9.4997
8.60483	9.4997
8.64549	9.4997
8.69107	9.4997
8.74083	9.4997
8.79399	9.4997
8.84981	9.4997
8.90753	9.4997
8.96638	9.4997
9.02562	9.4997
9.08447	9.4997
9.14219	9.4997
9.19801	9.4997
9.25117	9.4997
9.30093	9.4997
9.34651	9.4997
9.38717	9.4997
9.42214	9.4997
9.45067	9.4997
9.47199	9.4997
9.48536	9.4997
9.49	9.4997
9.49012	9.4997
9.49058	9.4997
9.49161	9.4997
9.49345	9.4997
9.49633	9.4997
9.50047	9.4997
9.50611	9.4997
9.51348	9.4997
9.5228	9.4997
9.53431	9.4997
9.54824	9.4997
9.56481	9.4997
9.58426	9.4997
9.60682	9.4997
9.63271	9.4997
9.66218	9.4997
9.69544	9.4997
9.73273	9.4997
9.77428	9.4997
9.82032	9.4997
9.87107	9.4997
9.92678	9.4997
9.98766	9.4997
10.054	9.4997
10.1259	9.4997
10.2037	9.4997
10.2876	9.4997
10.3778	9.4997
10.4746	9.4997
10.5782	9.4997
10.6888	9.4997
10.8067	9.4997
10.932	9.4997
11.065	9.4997
11.206	9.4997
11.3552	9.4997
11.5127	9.4997
11.6789	9.4997
11.854	9.4997
12.0381	9.4997
12.2316	9.4997
12.4346	9.4997
12.6474	9.4997
12.8703	9.4997
13.1033	9.4997
13.3469	9.4997
13.6011	9.4997
13.8663	9.4997
14.1426	9.4997
14.4303	9.4997
14.7297	9.4997
15.0409	9.4997
15.3642	9.4997
15.6998	9.4997
16.048	9.4997
16.4089	9.4997
16.7828	9.4997
17.17	9.4997
17.5706	9.4997
17.985	9.4997
18.4132	9.4997
18.8556	9.4997
19.3124	9.4997
19.7839	9.4997
20.2701	9.4997
20.7715	9.4997
21.2881	9.4997
21.8203	9.4997
22.3683	9.4997
22.9322	9.4997
23.5124	9.4997
24.109	9.4997
24.7224	9.4997
25.3526	9.4997

0	9.5
0.548385	9.5
1.07267	9.5
1.57339	9.5
2.0511	9.5
2.50632	9.5
2.93961	9.5
3.35151	9.5
3.74256	9.5
4.11329	9.5
4.46426	9.5
4.796	9.5
5.10905	9.5
5.40396	9.5
5.68127	9.5
5.94152	9.5
6.18524	9.5
6.41299	9.5
6.6253	9.5
6.82272	9.5
7.00579	9.5
7.17504	9.5
7.33103	9.5
7.47429	9.5
7.60536	9.5
7.72478	9.5
7.83311	9.5
7.93087	9.5
8.01861	9.5
8.09687	9.5
8.1662	9.5
8.22713	9.5
8.28021	9.5
8.32598	9.5
8.36497	9.5
8.39774	9.5
8.42482	9.5
8.44676	9.5
8.46409	9.5
8.47736	9.5
8.48711	9.5
8.49388	9.5
8.49821	9.5
8.50065	9.5
8.50173	9.5
8.502	9.5
8.50664	9.5
8.52001	9.5
8.54133	9.5
8.56986	9.5
8.60483	9.5
8.64549	9.5
8.69107	9.5
8.74083	9.5
8.79399	9.5
8.84981	9.5
8.90753	9.5
8.96638	9.5
9.02562	9.5
9.08447	9.5
9.14219	9.5
9.19801	9.5
9.25117	9.5
9.30093	9.5
9.34651	9.5
9.38717	9.5
9.42214	9.5
9.45067	9.5
9.47199	9.5
9.48536	9.5
9.49	9.5
9.49012	9.5
9.49058	9.5
9.49161	9.5
9.49345	9.5
9.49633	9.5
9.50047	9.5
9.50611	9.5
9.51348	9.5
9.5228	9.5
9.53431	9.5
9.54824	9.5
9.56481	9.5
9.58426	9.5
9.60682	9.5
9.63271	9.5
9.66218	9.5
9.69544	9.5
9.73273	9.5
9.77428	9.5
9.82032	9.5
9.87107	9.5
9.92678	9.5
9.98766	9.5
10.054	9.5
10.1259	9.5
10.2037	9.5
10.2876	9.5
10.3778	9.5
10.4746	9.5
10.5782	9.5
10.6888	9.5
10.8067	9.5
10.932	9.5
11.065	9.5
11.206	9.5
11.3552	9.5
11.5127	9.5
11.6789	9.5
11.854	9.5
12.0381	9.5
12.2316	9.5
12.4346	9.5
12.6474	9.5
12.8703	9.5
13.1033	9.5
13.3469	9.5
13.6011	9.5
13.8663	9.5
14.1426	9.5
14.4303	9.5
14.7297	9.5
15.0409	9.5
15.3642	9.5
15.6998	9.5
16.048	9.5
16.4089	9.5
16.7828	9.5
17.17	9.5
17.5706	9.5
17.985	9.5
18.4132	9.5
18.8556	9.5
19.3124	9.5
19.7839	9.5
20.2701	9.5
20.7715	9.5
21.2881	9.5
21.8203	9.5
22.3683	9.5
22.9322	9.5
23.5124	9.5
24.109	9.5
24.7224	9.5
25.3526	9.5

0	9.5047
0.548385	9.5047
1.07267	9.5047
1.57339	9.5047
2.0511	9.5047
2.50632	9.5047
2.93961	9.5047
3.35151	9.5047
3.74256	9.5047
4.11329	9.5047
4.46426	9.5047
4.796	9.5047
5.10905	9.5047
5.40396	9.5047
5.68127	9.5047
5.94152	9.5047
6.18524	9.5047
6.41299	9.5047
6.6253	9.5047
6.82272	9.5047
7.00579	9.5047
7.17504	9.5047
7.33103	9.5047
7.47429	9.5047
7.60536	9.5047
7.72478	9.5047
7.83311	9.5047
7.93087	9.5047
8.01861	9.5047
8.09687	9.5047
8.1662	9.5047
8.22713	9.5047
8.28021	9.5047
8.32598	9.5047
8.36497	9.5047
8.39774	9.5047
8.42482	9.5047
8.44676	9.5047
8.46409	9.5047
8.47736	9.5047
8.48711	9.5047
8.49388	9.5047
8.49821	9.5047
8.50065	9.5047
8.50173	9.5047
8.502	9.5047
8.50664	9.5047
8.52001	9.5047
8.54133	9.5047
8.56986	9.5047
8.60483	9.5047
8.64549	9.5047
8.69107	9.5047
8.74083	9.5047
8.79399	9.5047
8.84981	9.5047
8.90753	9.5047
8.96638	9.5047
9.02562	9.5047
9.08447	9.5047
9.14219	9.5047
9.19801	9.5047
9.25117	9.5047
9.30093	9.5047
9.34651	9.5047
9.38717	9.5047
9.42214	9.5047
9.45067	9.5047
9.47199	9.5047
9.48536	9.5047
9.49	9.5047
9.49012	9.5047
9.49058	9.5047
9.49161	9.5047
9.49345	9.5047
9.49633	9.5047
9.50047	9.5047
9.50611	9.5047
9.51348	9.5047
9.5228	9.5047
9.53431	9.5047
9.54824	9.5047
9.56481	9.5047
9.58426	9.5047
9.60682	9.5047
9.63271	9.5047
9.66218	9.5047
9.69544	9.5047
9.73273	9.5047
9.77428	9.5047
9.82032	9.5047
9.87107	9.5047
9.92678	9.5047
9.98766	9.5047
10.054	9.5047
10.1259	9.5047
10.2037	9.5047
10.2876	9.5047
10.3778	9.5047
10.4746	9.5047
10.5782	9.5047
10.6888	9.5047
10.8067	9.5047
10.932	9.5047
11.065	9.5047
11.206	9.5047
11.3552	9.5047
11.5127	9.5047
11.6789	9.5047
11.854	9.5047
12.0381	9.5047
12.2316	9.5047
12.4346	9.5047
12.6474	9.5047
12.8703	9.5047
13.1033	9.5047
13.3469	9.5047
13.6011	9.5047
13.8663	9.5047
14.1426	9.5047
14.4303	9.5047
14.7297	9.5047
15.0409	9.5047
15.3642	9.5047
15.6998	9.5047
16.048	9.5047
16.4089	9.5047
16.7828	9.5047
17.17	9.5047
17.5706	9.5047
17.985	9.5047
18.4132	9.5047
18.8556	9.5047
19.3124	9.5047
19.7839	9.5047
20.2701	9.5047
20.7715	9.5047
21.2881	9.5047
21.8203	9.5047
22.3683	9.5047
22.9322	9.5047
23.5124	9.5047
24.109	9.5047
24.7224	9.5047
25.3526	9.5047

0	9.51823
0.548385	9.51823
1.07267	9.51823
1.57339	9.51823
2.0511	9.51823
2.50632	9.51823
2.93961	9.51823
3.35151	9.51823
3.74256	9.51823
4.11329	9.51823
4.46426	9.51823
4.796	9.51823
5.10905	9.51823
5.40396	9.51823
5.68127	9.51823
5.94152	9.51823
6.18524	9.51823
6.41299	9.51823
6.6253	9.51823
6.82272	9.51823
7.00579	9.51823
7.17504	9.51823
7.33103	9.51823
7.47429	9.51823
7.60536	9.51823
7.72478	9.51823
7.83311	9.51823
7.93087	9.51823
8.01861	9.51823
8.09687	9.51823
8.1662	9.51823
8.22713	9.51823
8.28021	9.51823
8.32598	9.51823
8.36497	9.51823
8.39774	9.51823
8.42482	9.51823
8.44676	9.51823
8.46409	9.51823
8.47736	9.51823
8.48711	9.51823
8.49388	9.51823
8.49821	9.51823
8.50065	9.51823
8.50173	9.51823
8.502	9.51823
8.50664	9.51823
8.52001	9.51823
8.54133	9.51823
8.56986	9.51823
8.60483	9.51823
8.64549	9.51823
8.69107	9.51823
8.74083	9.51823
8.79399	9.51823
8.84981	9.51823
8.90753	9.51823
8.96638	9.51823
9.02562	9.51823
9.08447	9.51823
9.14219	9.51823
9.19801	9.51823
9.25117	9.51823
9.30093	9.51823
9.34651	9.51823
9.38717	9.51823
9.42214	9.51823
9.45067	9.51823
9.47199	9.51823
9.48536	9.51823
9.49	9.51823
9.49012	9.51823
9.49058	9.51823
9.49161	9.51823
9.49345	9.51823
9.49633	9.51823
9.50047	9.51823
9.50611	9.51823
9.51348	9.51823
9.5228	9.51823
9.53431	9.51823
9.54824	9.51823
9.56481	9.51823
9.58426	9.51823
9.60682	9.51823
9.63271	9.51823
9.66218	9.51823
9.69544	9.51823
9.73273	9.51823
9.77428	9.51823
9.82032	9.51823
9.87107	9.51823
9.92678	9.51823
9.98766	9.51823
10.054	9.51823
10.1259	9.51823
10.2037	9.51823
10.2876	9.51823
10.3778	9.51823
10.4746	9.51823
10.5782	9.51823
10.6888	9.51823
10.8067	9.51823
10.932	9.51823
11.065	9.51823
11.206	9.51823
11.3552	9.51823
11.5127	9.51823
11.6789	9.51823
11.854	9.51823
12.0381	9.51823
12.2316	9.51823
12.4346	9.51823
12.6474	9.51823
12.8703	9.51823
13.1033	9.51823
13.3469	9.51823
13.6011	9.51823
13.8663	9.51823
14.1426	9.51823
14.4303	9.51823
14.7297	9.51823
15.0409	9.51823
15.3642	9.51823
15.6998	9.51823
16.048	9.51823
16.4089	9.51823
16.7828	9.51823
17.17	9.51823
17.5706	9.51823
17.985	9.51823
18.4132	9.51823
18.8556	9.51823
19.3124	9.51823
19.7839	9.51823
20.2701	9.51823
20.7715	9.51823
21.2881	9.51823
21.8203	9.51823
22.3683	9.51823
22.9322	9.51823
23.5124	9.51823
24.109	9.51823
24.7224	9.51823
25.3526	9.51823

0	9.53981
0.548385	9.53981
1.07267	9.53981
1.57339	9.53981
2.0511	9.53981
2.50632	9.53981
2.93961	9.53981
3.35151	9.53981
3.74256	9.53981
4.11329	9.53981
4.46426	9.53981
4.796	9.53981
5.10905	9.53981
5.40396	9.53981
5.68127	9.53981
5.94152	9.53981
6.18524	9.53981
6.41299	9.53981
6.6253	9.53981
6.82272	9.53981
7.00579	9.53981
7.17504	9.53981
7.33103	9.53981
7.47429	9.53981
7.60536	9.53981
7.72478	9.53981
7.83311	9.53981
7.93087	9.53981
8.01861	9.53981
8.09687	9.53981
8.1662	9.53981
8.22713	9.53981
8.28021	9.53981
8.32598	9.53981
8.36497	9.53981
8.39774	9.53981
8.42482	9.53981
8.44676	9.53981
8.46409	9.53981
8.47736	9.53981
8.48711	9.53981
8.49388	9.53981
8.49821	9.53981
8.50065	9.53981
8.50173	9.53981
8.502	9.53981
8.50664	9.53981
8.52001	9.53981
8.54133	9.53981
8.56986	9.53981
8.60483	9.53981
8.64549	9.53981
8.69107	9.53981
8.74083	9.53981
8.79399	9.53981
8.84981	9.53981
8.90753	9.53981
8.96638	9.53981
9.02562	9.53981
9.08447	9.53981
9.14219	9.53981
9.19801	9.53981
9.25117	9.53981
9.30093	9.53981
9.34651	9.53981
9.38717	9.53981
9.42214	9.53981
9.45067	9.53981
9.47199	9.53981
9.48536	9.53981
9.49	9.53981
9.49012	9.53981
9.49058	9.53981
9.49161	9.53981
9.49345	9.53981
9.49633	9.53981
9.50047	9.53981
9.50611	9.53981
9.51348	9.53981
9.5228	9.53981
9.53431	9.53981
9.54824	9.53981
9.56481	9.53981
9.58426	9.53981
9.60682	9.53981
9.63271	9.53981
9.66218	9.53981
9.69544	9.53981
9.73273	9.53981
9.77428	9.53981
9.82032	9.53981
9.87107	9.53981
9.92678	9.53981
9.98766	9.53981
10.054	9.53981
10.1259	9.53981
10.2037	9.53981
10.2876	9.53981
10.3778	9.53981
10.4746	9.53981
10.5782	9.53981
10.6888	9.53981
10.8067	9.53981
10.932	9.53981
11.065	9.53981
11.206	9.53981
11.3552	9.53981
11.5127	9.53981
11.6789	9.53981
11.854	9.53981
12.0381	9.53981
12.2316	9.53981
12.4346	9.53981
12.6474	9.53981
12.8703	9.53981
13.1033	9.53981
13.3469	9.53981
13.6011	9.53981
13.8663	9.53981
14.1426	9.53981
14.4303	9.53981
14.7297	9.53981
15.0409	9.53981
15.3642	9.53981
15.6998	9.53981
16.048	9.53981
16.4089	9.53981
16.7828	9.53981
17.17	9.53981
17.5706	9.53981
17.985	9.53981
18.4132	9.53981
18.8556	9.53981
19.3124	9.53981
19.7839	9.53981
20.2701	9.53981
20.7715	9.53981
21.2881	9.53981
21.8203	9.53981
22.3683	9.53981
22.9322	9.53981
23.5124	9.53981
24.109	9.53981
24.7224	9.53981
25.3526	9.53981

0	9.56868
0.548385	9.56868
1.07267	9.56868
1.57339	9.56868
2.0511	9.56868
2.50632	9.56868
2.93961	9.56868
3.35151	9.56868
3.74256	9.56868
4.11329	9.56868
4.46426	9.56868
4.796	9.56868
5.10905	9.56868
5.40396	9.56868
5.68127	9.56868
5.94152	9.56868
6.18524	9.56868
6.41299	9.56868
6.6253	9.56868
6.82272	9.56868
7.00579	9.56868
7.17504	9.56868
7.33103	9.56868
7.47429	9.56868
7.60536	9.56868
7.72478	9.56868
7.83311	9.56868
7.93087	9.56868
8.01861	9.56868
8.09687	9.56868
8.1662	9.56868
8.22713	9.56868
8.28021	9.56868
8.32598	9.56868
8.36497	9.56868
8.39774	9.56868
8.42482	9.56868
8.44676	9.56868
8.46409	9.56868
8.47736	9.56868
8.48711	9.56868
8.49388	9.56868
8.49821	9.56868
8.50065	9.56868
8.50173	9.56868
8.502	9.56868
8.50664	9.56868
8.52001	9.56868
8.54133	9.56868
8.56986	9.56868
8.60483	9.56868
8.64549	9.56868
8.69107	9.56868
8.74083	9.56868
8.79399	9.56868
8.84981	9.56868
8.90753	9.56868
8.96638	9.56868
9.02562	9.56868
9.08447	9.56868
9.14219	9.56868
9.19801	9.56868
9.25117	9.56868
9.30093	9.56868
9.34651	9.56868
9.38717	9.56868
9.42214	9.56868
9.45067	9.56868
9.47199	9.56868
9.48536	9.56868
9.49	9.56868
9.49012	9.56868
9.49058	9.56868
9.49161	9.56868
9.49345	9.56868
9.49633	9.56868
9.50047	9.56868
9.50611	9.56868
9.51348	9.56868
9.5228	9.56868
9.53431	9.56868
9.54824	9.56868
9.56481	9.56868
9.58426	9.56868
9.60682	9.56868
9.63271	9.56868
9.66218	9.56868
9.69544	9.56868
9.73273	9.56868
9.77428	9.56868
9.82032	9.56868
9.87107	9.56868
9.92678	9.56868
9.98766	9.56868
10.054	9.56868
10.1259	9.56868
10.2037	9.56868
10.2876	9.56868
10.3778	9.56868
10.4746	9.56868
10.5782	9.56868
10.6888	9.56868
10.8067	9.56868
10.932	9.56868
11.065	9.56868
11.206	9.56868
11.3552	9.56868
11.5127	9.56868
11.6789	9.56868
11.854	9.56868
12.0381	9.56868
12.2316	9.56868
12.4346	9.56868
12.6474	9.56868
12.8703	9.56868
13.1033	9.56868
13.3469	9.56868
13.6011	9.56868
13.8663	9.56868
14.1426	9.56868
14.4303	9.56868
14.7297	9.56868
15.0409	9.56868
15.3642	9.56868
15.6998	9.56868
16.048	9.56868
16.4089	9.56868
16.7828	9.56868
17.17	9.56868
17.5706	9.56868
17.985	9.56868
18.4132	9.56868
18.8556	9.56868
19.3124	9.56868
19.7839	9.56868
20.2701	9.56868
20.7715	9.56868
21.2881	9.56868
21.8203	9.56868
22.3683	9.56868
22.9322	9.56868
23.5124	9.56868
24.109	9.56868
24.7224	9.56868
25.3526	9.56868

0	9.60408
0.548385	9.60408
1.07267	9.60408
1.57339	9.60408
2.0511	9.60408
2.50632	9.60408
2.93961	9.60408
3.35151	9.60408
3.74256	9.60408
4.11329	9.60408
4.46426	9.60408
4.796	9.60408
5.10905	9.60408
5.40396	9.60408
5.68127	9.60408
5.94152	9.60408
6.18524	9.60408
6.41299	9.60408
6.6253	9.60408
6.82272	9.60408
7.00579	9.60408
7.17504	9.60408
7.33103	9.60408
7.47429	9.60408
7.60536	9.60408
7.72478	9.60408
7.83311	9.60408
7.93087	9.60408
8.01861	9.60408
8.09687	9.60408
8.1662	9.60408
8.22713	9.60408
8.28021	9.60408
8.32598	9.60408
8.36497	9.60408
8.39774	9.60408
8.42482	9.60408
8.44676	9.60408
8.46409	9.60408
8.47736	9.60408
8.48711	9.60408
8.49388	9.60408
8.49821	9.60408
8.50065	9.60408
8.50173	9.60408
8.502	9.60408
8.50664	9.60408
8.52001	9.60408
8.54133	9.60408
8.56986	9.60408
8.60483	9.60408
8.64549	9.60408
8.69107	9.60408
8.74083	9.60408
8.79399	9.60408
8.84981	9.60408
8.90753	9.60408
8.96638	9.60408
9.02562	9.60408
9.08447	9.60408
9.14219	9.60408
9.19801	9.60408
9.25117	9.60408
9.30093	9.60408
9.34651	9.60408
9.38717	9.60408
9.42214	9.60408
9.45067	9.60408
9.47199	9.60408
9.48536	9.60408
9.49	9.60408
9.49012	9.60408
9.49058	9.60408
9.49161	9.60408
9.49345	9.60408
9.49633	9.60408
9.50047	9.60408
9.50611	9.60408
9.51348	9.60408
9.5228	9.60408
9.53431	9.60408
9.54824	9.60408
9.56481	9.60408
9.58426	9.60408
9.60682	9.60408
9.63271	9.60408
9.66218	9.60408
9.69544	9.60408
9.73273	9.60408
9.77428	9.60408
9.82032	9.60408
9.87107	9.60408
9.92678	9.60408
9.98766	9.60408
10.054	9.60408
10.1259	9.60408
10.2037	9.60408
10.2876	9.60408
10.3778	9.60408
10.4746	9.60408
10.5782	9.60408
10.6888	9.60408
10.8067	9.60408
10.932	9.60408
11.065	9.60408
11.206	9.60408
11.3552	9.60408
11.5127	9.60408
11.6789	9.60408
11.854	9.60408
12.0381	9.60408
12.2316	9.60408
12.4346	9.60408
12.6474	9.60408
12.8703	9.60408
13.1033	9.60408
13.3469	9.60408
13.6011	9.60408
13.8663	9.60408
14.1426	9.60408
14.4303	9.60408
14.7297	9.60408
15.0409	9.60408
15.3642	9.60408
15.6998	9.60408
16.048	9.60408
16.4089	9.60408
16.7828	9.60408
17.17	9.60408
17.5706	9.60408
17.985	9.60408
18.4132	9.60408
18.8556	9.60408
19.3124	9.60408
19.7839	9.60408
20.2701	9.60408
20.7715	9.60408
21.2881	9.60408
21.8203	9.60408
22.3683	9.60408
22.9322	9.60408
23.5124	9.60408
24.109	9.60408
24.7224	9.60408
25.3526	9.60408

0	9.64523
0.548385	9.64523
1.07267	9.64523
1.57339	9.64523
2.0511	9.64523
2.50632	9.64523
2.93961	9.64523
3.35151	9.64523
3.74256	9.64523
4.11329	9.64523
4.46426	9.64523
4.796	9.64523
5.10905	9.64523
5.40396	9.64523
5.68127	9.64523
5.94152	9.64523
6.18524	9.64523
6.41299	9.64523
6.6253	9.64523
6.82272	9.64523
7.00579	9.64523
7.17504	9.64523
7.33103	9.64523
7.47429	9.64523
7.60536	9.64523
7.72478	9.64523
7.83311	9.64523
7.93087	9.64523
8.01861	9.64523
8.09687	9.64523
8.1662	9.64523
8.22713	9.64523
8.28021	9.64523
8.32598	9.64523
8.36497	9.64523
8.39774	9.64523
8.42482	9.64523
8.44676	9.64523
8.46409	9.64523
8.47736	9.64523
8.48711	9.64523
8.49388	9.64523
8.49821	9.64523
8.50065	9.64523
8.50173	9.64523
8.502	9.64523
8.50664	9.64523
8.52001	9.64523
8.54133	9.64523
8.56986	9.64523
8.60483	9.64523
8.64549	9.64523
8.69107	9.64523
8.74083	9.64523
8.79399	9.64523
8.84981	9.64523
8.90753	9.64523
8.96638	9.64523
9.02562	9.64523
9.08447	9.64523
9.14219	9.64523
9.19801	9.64523
9.25117	9.64523
9.30093	9.64523
9.34651	9.64523
9.38717	9.64523
9.42214	9.64523
9.45067	9.64523
9.47199	9.64523
9.48536	9.64523
9.49	9.64523
9.49012	9.64523
9.49058	9.64523
9.49161	9.64523
9.49345	9.64523
9.49633	9.64523
9.50047	9.64523
9.50611	9.64523
9.51348	9.64523
9.5228	9.64523
9.53431	9.64523
9.54824	9.64523
9.56481	9.64523
9.58426	9.64523
9.60682	9.64523
9.63271	9.64523
9.66218	9.64523
9.69544	9.64523
9.73273	9.64523
9.77428	9.64523
9.82032	9.64523
9.87107	9.64523
9.92678	9.64523
9.98766	9.64523
10.054	9.64523
10.1259	9.64523
10.2037	9.64523
10.2876	9.64523
10.3778	9.64523
10.4746	9.64523
10.5782	9.64523
10.6888	9.64523
10.8067	9.64523
10.932	9.64523
11.065	9.64523
11.206	9.64523
11.3552	9.64523
11.5127	9.64523
11.6789	9.64523
11.854	9.64523
12.0381	9.64523
12.2316	9.64523
12.4346	9.64523
12.6474	9.64523
12.8703	9.64523
13.1033	9.64523
13.3469	9.64523
13.6011	9.64523
13.8663	9.64523
14.1426	9.64523
14.4303	9.64523
14.7297	9.64523
15.0409	9.64523
15.3642	9.64523
15.6998	9.64523
16.048	9.64523
16.4089	9.64523
16.7828	9.64523
17.17	9.64523
17.5706	9.64523
17.985	9.64523
18.4132	9.64523
18.8556	9.64523
19.3124	9.64523
19.7839	9.64523
20.2701	9.64523
20.7715	9.64523
21.2881	9.64523
21.8203	9.64523
22.3683	9.64523
22.9322	9.64523
23.5124	9.64523
24.109	9.64523
24.7224	9.64523
25.3526	9.64523

0	9.69137
0.548385	9.69137
1.07267	9.69137
1.57339	9.69137
2.0511	9.69137
2.50632	9.69137
2.93961	9.69137
3.35151	9.69137
3.74256	9.69137
4.11329	9.69137
4.46426	9.69137
4.796	9.69137
5.10905	9.69137
5.40396	9.69137
5.68127	9.69137
5.94152	9.69137
6.18524	9.69137
6.41299	9.69137
6.6253	9.69137
6.82272	9.69137
7.00579	9.69137
7.17504	9.69137
7.33103	9.69137
7.47429	9.69137
7.60536	9.69137
7.72478	9.69137
7.83311	9.69137
7.93087	9.69137
8.01861	9.69137
8.09687	9.69137
8.1662	9.69137
8.22713	9.69137
8.28021	9.69137
8.32598	9.69137
8.36497	9.69137
8.39774	9.69137
8.42482	9.69137
8.44676	9.69137
8.46409	9.69137
8.47736	9.69137
8.48711	9.69137
8.49388	9.69137
8.49821	9.69137
8.50065	9.69137
8.50173	9.69137
8.502	9.69137
8.50664	9.69137
8.52001	9.69137
8.54133	9.69137
8.56986	9.69137
8.60483	9.69137
8.64549	9.69137
8.69107	9.69137
8.74083	9.69137
8.79399	9.69137
8.84981	9.69137
8.90753	9.69137
8.96638	9.69137
9.02562	9.69137
9.08447	9.69137
9.14219	9.69137
9.19801	9.69137
9.25117	9.69137
9.30093	9.69137
9.34651	9.69137
9.38717	9.69137
9.42214	9.69137
9.45067	9.69137
9.47199	9.69137
9.48536	9.69137
9.49	9.69137
9.49012	9.69137
9.49058	9.69137
9.49161	9.69137
9.49345	9.69137
9.49633	9.69137
9.50047	9.69137
9.50611	9.69137
9.51348	9.69137
9.5228	9.69137
9.53431	9.69137
9.54824	9.69137
9.56481	9.69137
9.58426	9.69137
9.60682	9.69137
9.63271	9.69137
9.66218	9.69137
9.69544	9.69137
9.73273	9.69137
9.77428	9.69137
9.82032	9.69137
9.87107	9.69137
9.92678	9.69137
9.98766	9.69137
10.054	9.69137
10.1259	9.69137
10.2037	9.69137
10.2876	9.69137
10.3778	9.69137
10.4746	9.69137
10.5782	9.69137
10.6888	9.69137
10.8067	9.69137
10.932	9.69137
11.065	9.69137
11.206	9.69137
11.3552	9.69137
11.5127	9.69137
11.6789	9.69137
11.854	9.69137
12.0381	9.69137
12.2316	9.69137
12.4346	9.69137
12.6474	9.69137
12.8703	9.69137
13.1033	9.69137
13.3469	9.69137
13.6011	9.69137
13.8663	9.69137
14.1426	9.69137
14.4303	9.69137
14.7297	9.69137
15.0409	9.69137
15.3642	9.69137
15.6998	9.69137
16.048	9.69137
16.4089	9.69137
16.7828	9.69137
17.17	9.69137
17.5706	9.69137
17.985	9.69137
18.4132	9.69137
18.8556	9.69137
19.3124	9.69137
19.7839	9.69137
20.2701	9.69137
20.7715	9.69137
21.2881	9.69137
21.8203	9.69137
22.3683	9.69137
22.9322	9.69137
23.5124	9.69137
24.109	9.69137
24.7224	9.69137
25.3526	9.69137

0	9.74173
0.548385	9.74173
1.07267	9.74173
1.57339	9.74173
2.0511	9.74173
2.50632	9.74173
2.93961	9.74173
3.35151	9.74173
3.74256	9.74173
4.11329	9.74173
4.46426	9.74173
4.796	9.74173
5.10905	9.74173
5.40396	9.74173
5.68127	9.74173
5.94152	9.74173
6.18524	9.74173
6.41299	9.74173
6.6253	9.74173
6.82272	9.74173
7.00579	9.74173
7.17504	9.74173
7.33103	9.74173
7.47429	9.74173
7.60536	9.74173
7.72478	9.74173
7.83311	9.74173
7.93087	9.74173
8.01861	9.74173
8.09687	9.74173
8.1662	9.74173
8.22713	9.74173
8.28021	9.74173
8.32598	9.74173
8.36497	9.74173
8.39774	9.74173
8.42482	9.74173
8.44676	9.74173
8.46409	9.74173
8.47736	9.74173
8.48711	9.74173
8.49388	9.74173
8.49821	9.74173
8.50065	9.74173
8.50173	9.74173
8.502	9.74173
8.50664	9.74173
8.52001	9.74173
8.54133	9.74173
8.56986	9.74173
8.60483	9.74173
8.64549	9.74173
8.69107	9.74173
8.74083	9.74173
8.79399	9.74173
8.84981	9.74173
8.90753	9.74173
8.96638	9.74173
9.02562	9.74173
9.08447	9.74173
9.14219	9.74173
9.19801	9.74173
9.25117	9.74173
9.30093	9.74173
9.34651	9.74173
9.38717	9.74173
9.42214	9.74173
9.45067	9.74173
9.47199	9.74173
9.48536	9.74173
9.49	9.74173
9.49012	9.74173
9.49058	9.74173
9.49161	9.74173
9.49345	9.74173
9.49633	9.74173
9.50047	9.74173
9.50611	9.74173
9.51348	9.74173
9.5228	9.74173
9.53431	9.74173
9.54824	9.74173
9.56481	9.74173
9.58426	9.74173
9.60682	9.74173
9.63271	9.74173
9.66218	9.74173
9.69544	9.74173
9.73273	9.74173
9.77428	9.74173
9.82032	9.74173
9.87107	9.74173
9.92678	9.74173
9.98766	9.74173
10.054	9.74173
10.1259	9.74173
10.2037	9.74173
10.2876	9.74173
10.3778	9.74173
10.4746	9.74173
10.5782	9.74173
10.6888	9.74173
10.8067	9.74173
10.932	9.74173
11.065	9.74173
11.206	9.74173
11.3552	9.74173
11.5127	9.74173
11.6789	9.74173
11.854	9.74173
12.0381	9.74173
12.2316	9.74173
12.4346	9.74173
12.6474	9.74173
12.8703	9.74173
13.1033	9.74173
13.3469	9.74173
13.6011	9.74173
13.8663	9.74173
14.1426	9.74173
14.4303	9.74173
14.7297	9.74173
15.0409	9.74173
15.3642	9.74173
15.6998	9.74173
16.048	9.74173
16.4089	9.74173
16.7828	9.74173
17.17	9.74173
17.5706	9.74173
17.985	9.74173
18.4132	9.74173
18.8556	9.74173
19.3124	9.74173
19.7839	9.74173
20.2701	9.74173
20.7715	9.74173
21.2881	9.74173
21.8203	9.74173
22.3683	9.74173
22.9322	9.74173
23.5124	9.74173
24.109	9.74173
24.7224	9.74173
25.3526	9.74173

0	9.79554
0.548385	9.79554
1.07267	9.79554
1.57339	9.79554
2.0511	9.79554
2.50632	9.79554
2.93961	9.79554
3.35151	9.79554
3.74256	9.79554
4.11329	9.79554
4.46426	9.79554
4.796	9.79554
5.10905	9.79554
5.40396	9.79554
5.68127	9.79554
5.94152	9.79554
6.18524	9.79554
6.41299	9.79554
6.6253	9.79554
6.82272	9.79554
7.00579	9.79554
7.17504	9.79554
7.33103	9.79554
7.47429	9.79554
7.60536	9.79554
7.72478	9.79554
7.83311	9.79554
7.93087	9.79554
8.01861	9.79554
8.09687	9.79554
8.1662	9.79554
8.22713	9.79554
8.28021	9.79554
8.32598	9.79554
8.36497	9.79554
8.39774	9.79554
8.42482	9.79554
8.44676	9.79554
8.46409	9.79554
8.47736	9.79554
8.48711	9.79554
8.49388	9.79554
8.49821	9.79554
8.50065	9.79554
8.50173	9.79554
8.502	9.79554
8.50664	9.79554
8.52001	9.79554
8.54133	9.79554
8.56986	9.79554
8.60483	9.79554
8.64549	9.79554
8.69107	9.79554
8.74083	9.79554
8.79399	9.79554
8.84981	9.79554
8.90753	9.79554
8.96638	9.79554
9.02562	9.79554
9.08447	9.79554
9.14219	9.79554
9.19801	9.79554
9.25117	9.79554
9.30093	9.79554
9.34651	9.79554
9.38717	9.79554
9.42214	9.79554
9.45067	9.79554
9.47199	9.79554
9.48536	9.79554
9.49	9.79554
9.49012	9.79554
9.49058	9.79554
9.49161	9.79554
9.49345	9.79554
9.49633	9.79554
9.50047	9.79554
9.50611	9.79554
9.51348	9.79554
9.5228	9.79554
9.53431	9.79554
9.54824	9.79554
9.56481	9.79554
9.58426	9.79554
9.60682	9.79554
9.63271	9.79554
9.66218	9.79554
9.69544	9.79554
9.73273	9.79554
9.77428	9.79554
9.82032	9.79554
9.87107	9.79554
9.92678	9.79554
9.98766	9.79554
10.054	9.79554
10.1259	9.79554
10.2037	9.79554
10.2876	9.79554
10.3778	9.79554
10.4746	9.79554
10.5782	9.79554
10.6888	9.79554
10.8067	9.79554
10.932	9.79554
11.065	9.79554
11.206	9.79554
11.3552	9.79554
11.5127	9.79554
11.6789	9.79554
11.854	9.79554
12.0381	9.79554
12.2316	9.79554
12.4346	9.79554
12.6474	9.79554
12.8703	9.79554
13.1033	9.79554
13.3469	9.79554
13.6011	9.79554
13.8663	9.79554
14.1426	9.79554
14.4303	9.79554
14.7297	9.79554
15.0409	9.79554
15.3642	9.79554
15.6998	9.79554
16.048	9.79554
16.4089	9.79554
16.7828	9.79554
17.17	9.79554
17.5706	9.79554
17.985	9.79554
18.4132	9.79554
18.8556	9.79554
19.3124	9.79554
19.7839	9.79554
20.2701	9.79554
20.7715	9.79554
21.2881	9.79554
21.8203	9.79554
22.3683	9.79554
22.9322	9.79554
23.5124	9.79554
24.109	9.79554
24.7224	9.79554
25.3526	9.79554

0	9.85204
0.548385	9.85204
1.07267	9.85204
1.57339	9.85204
2.0511	9.85204
2.50632	9.85204
2.93961	9.85204
3.35151	9.85204
3.74256	9.85204
4.11329	9.85204
4.46426	9.85204
4.796	9.85204
5.10905	9.85204
5.40396	9.85204
5.68127	9.85204
5.94152	9.85204
6.18524	9.85204
6.41299	9.85204
6.6253	9.85204
6.82272	9.85204
7.00579	9.85204
7.17504	9.85204
7.33103	9.85204
7.47429	9.85204
7.60536	9.85204
7.72478	9.85204
7.83311	9.85204
7.93087	9.85204
8.01861	9.85204
8.09687	9.85204
8.1662	9.85204
8.22713	9.85204
8.28021	9.85204
8.32598	9.85204
8.36497	9.85204
8.39774	9.85204
8.42482	9.85204
8.44676	9.85204
8.46409	9.85204
8.47736	9.85204
8.48711	9.85204
8.49388	9.85204
8.49821	9.85204
8.50065	9.85204
8.50173	9.85204
8.502	9.85204
8.50664	9.85204
8.52001	9.85204
8.54133	9.85204
8.56986	9.85204
8.60483	9.85204
8.64549	9.85204
8.69107	9.85204
8.74083	9.85204
8.79399	9.85204
8.84981	9.85204
8.90753	9.85204
8.96638	9.85204
9.02562	9.85204
9.08447	9.85204
9.14219	9.85204
9.19801	9.85204
9.25117	9.85204
9.30093	9.85204
9.34651	9.85204
9.38717	9.85204
9.42214	9.85204
9.45067	9.85204
9.47199	9.85204
9.48536	9.85204
9.49	9.85204
9.49012	9.85204
9.49058	9.85204
9.49161	9.85204
9.49345	9.85204
9.49633	9.85204
9.50047	9.85204
9.50611	9.85204
9.51348	9.85204
9.5228	9.85204
9.53431	9.85204
9.54824	9.85204
9.56481	9.85204
9.58426	9.85204
9.60682	9.85204
9.63271	9.85204
9.66218	9.85204
9.69544	9.85204
9.73273	9.85204
9.77428	9.85204
9.82032	9.85204
9.87107	9.85204
9.92678	9.85204
9.98766	9.85204
10.054	9.85204
10.1259	9.85204
10.2037	9.85204
10.2876	9.85204
10.3778	9.85204
10.4746	9.85204
10.5782	9.85204
10.6888	9.85204
10.8067	9.85204
10.932	9.85204
11.065	9.85204
11.206	9.85204
11.3552	9.85204
11.5127	9.85204
11.6789	9.85204
11.854	9.85204
12.0381	9.85204
12.2316	9.85204
12.4346	9.85204
12.6474	9.85204
12.8703	9.85204
13.1033	9.85204
13.3469	9.85204
13.6011	9.85204
13.8663	9.85204
14.1426	9.85204
14.4303	9.85204
14.7297	9.85204
15.0409	9.85204
15.3642	9.85204
15.6998	9.85204
16.048	9.85204
16.4089	9.85204
16.7828	9.85204
17.17	9.85204
17.5706	9.85204
17.985	9.85204
18.4132	9.85204
18.8556	9.85204
19.3124	9.85204
19.7839	9.85204
20.2701	9.85204
20.7715	9.85204
21.2881	9.85204
21.8203	9.85204
22.3683	9.85204
22.9322	9.85204
23.5124	9.85204
24.109	9.85204
24.7224	9.85204
25.3526	9.85204

0	9.91046
0.548385	9.91046
1.07267	9.91046
1.57339	9.91046
2.0511	9.91046
2.50632	9.91046
2.93961	9.91046
3.35151	9.91046
3.74256	9.91046
4.11329	9.91046
4.46426	9.91046
4.796	9.91046
5.10905	9.91046
5.40396	9.91046
5.68127	9.91046
5.94152	9.91046
6.18524	9.91046
6.41299	9.91046
6.6253	9.91046
6.82272	9.91046
7.00579	9.91046
7.17504	9.91046
7.33103	9.91046
7.47429	9.91046
7.60536	9.91046
7.72478	9.91046
7.83311	9.91046
7.93087	9.91046
8.01861	9.91046
8.09687	9.91046
8.1662	9.91046
8.22713	9.91046
8.28021	9.91046
8.32598	9.91046
8.36497	9.91046
8.39774	9.91046
8.42482	9.91046
8.44676	9.91046
8.46409	9.91046
8.47736	9.91046
8.48711	9.91046
8.49388	9.91046
8.49821	9.91046
8.50065	9.91046
8.50173	9.91046
8.502	9.91046
8.50664	9.91046
8.52001	9.91046
8.54133	9.91046
8.56986	9.91046
8.60483	9.91046
8.64549	9.91046
8.69107	9.91046
8.74083	9.91046
8.79399	9.91046
8.84981	9.91046
8.90753	9.91046
8.96638	9.91046
9.02562	9.91046
9.08447	9.91046
9.14219	9.91046
9.19801	9.91046
9.25117	9.91046
9.30093	9.91046
9.34651	9.91046
9.38717	9.91046
9.42214	9.91046
9.45067	9.91046
9.47199	9.91046
9.48536	9.91046
9.49	9.91046
9.49012	9.91046
9.49058	9.91046
9.49161	9.91046
9.49345	9.91046
9.49633	9.91046
9.50047	9.91046
9.50611	9.91046
9.51348	9.91046
9.5228	9.91046
9.53431	9.91046
9.54824	9.91046
9.56481	9.91046
9.58426	9.91046
9.60682	9.91046
9.63271	9.91046
9.66218	9.91046
9.69544	9.91046
9.73273	9.91046
9.77428	9.91046
9.82032	9.91046
9.87107	9.91046
9.92678	9.91046
9.98766	9.91046
10.054	9.91046
10.1259	9.91046
10.2037	9.91046
10.2876	9.91046
10.3778	9.91046
10.4746	9.91046
10.5782	9.91046
10.6888	9.91046
10.8067	9.91046
10.932	9.91046
11.065	9.91046
11.206	9.91046
11.3552	9.91046
11.5127	9.91046
11.6789	9.91046
11.854	9.91046
12.0381	9.91046
12.2316	9.91046
12.4346	9.91046
12.6474	9.91046
12.8703	9.91046
13.1033	9.91046
13.3469	9.91046
13.6011	9.91046
13.8663	9.91046
14.1426	9.91046
14.4303	9.91046
14.7297	9.91046
15.0409	9.91046
15.3642	9.91046
15.6998	9.91046
16.048	9.91046
16.4089	9.91046
16.7828	9.91046
17.17	9.91046
17.5706	9.91046
17.985	9.91046
18.4132	9.91046
18.8556	9.91046
19.3124	9.91046
19.7839	9.91046
20.2701	9.91046
20.7715	9.91046
21.2881	9.91046
21.8203	9.91046
22.3683	9.91046
22.9322	9.91046
23.5124	9.91046
24.109	9.91046
24.7224	9.91046
25.3526	9.91046

0	9.97002
0.548385	9.97002
1.07267	9.97002
1.57339	9.97002
2.0511	9.97002
2.50632	9.97002
2.93961	9.97002
3.35151	9.97002
3.74256	9.97002
4.11329	9.97002
4.46426	9.97002
4.796	9.97002
5.10905	9.97002
5.40396	9.97002
5.68127	9.97002
5.94152	9.97002
6.18524	9.97002
6.41299	9.97002
6.6253	9.97002
6.82272	9.97002
7.00579	9.97002
7.17504	9.97002
7.33103	9.97002
7.47429	9.97002
7.60536	9.97002
7.72478	9.97002
7.83311	9.97002
7.93087	9.97002
8.01861	9.97002
8.09687	9.97002
8.1662	9.97002
8.22713	9.97002
8.28021	9.97002
8.32598	9.97002
8.36497	9.97002
8.39774	9.97002
8.42482	9.97002
8.44676	9.97002
8.46409	9.97002
8.47736	9.97002
8.48711	9.97002
8.49388	9.97002
8.49821	9.97002
8.50065	9.97002
8.50173	9.97002
8.502	9.97002
8.50664	9.97002
8.52001	9.97002
8.54133	9.97002
8.56986	9.97002
8.60483	9.97002
8.64549	9.97002
8.69107	9.97002
8.74083	9.97002
8.79399	9.97002
8.84981	9.97002
8.90753	9.97002
8.96638	9.97002
9.02562	9.97002
9.08447	9.97002
9.14219	9.97002
9.19801	9.97002
9.25117	9.97002
9.30093	9.97002
9.34651	9.97002
9.38717	9.97002
9.42214	9.97002
9.45067	9.97002
9.47199	9.97002
9.48536	9.97002
9.49	9.97002
9.49012	9.97002
9.49058	9.97002
9.49161	9.97002
9.49345	9.97002
9.49633	9.97002
9.50047	9.97002
9.50611	9.97002
9.51348	9.97002
9.5228	9.97002
9.53431	9.97002
9.54824	9.97002
9.56481	9.97002
9.58426	9.97002
9.60682	9.97002
9.63271	9.97002
9.66218	9.97002
9.69544	9.97002
9.73273	9.97002
9.77428	9.97002
9.82032	9.97002
9.87107	9.97002
9.92678	9.97002
9.98766	9.97002
10.054	9.97002
10.1259	9.97002
10.2037	9.97002
10.2876	9.97002
10.3778	9.97002
10.4746	9.97002
10.5782	9.97002
10.6888	9.97002
10.8067	9.97002
10.932	9.97002
11.065	9.97002
11.206	9.97002
11.3552	9.97002
11.5127	9.97002
11.6789	9.97002
11.854	9.97002
12.0381	9.97002
12.2316	9.97002
12.4346	9.97002
12.6474	9.97002
12.8703	9.97002
13.1033	9.97002
13.3469	9.97002
13.6011	9.97002
13.8663	9.97002
14.1426	9.97002
14.4303	9.97002
14.7297	9.97002
15.0409	9.97002
15.3642	9.97002
15.6998	9.97002
16.048	9.97002
16.4089	9.97002
16.7828	9.97002
17.17	9.97002
17.5706	9.97002
17.985	9.97002
18.4132	9.97002
18.8556	9.97002
19.3124	9.97002
19.7839	9.97002
20.2701	9.97002
20.7715	9.97002
21.2881	9.97002
21.8203	9.97002
22.3683	9.97002
22.9322	9.97002
23.5124	9.97002
24.109	9.97002
24.7224	9.97002
25.3526	9.97002

0	10.03
0.548385	10.03
1.07267	10.03
1.57339	10.03
2.0511	10.03
2.50632	10.03
2.93961	10.03
3.35151	10.03
3.74256	10.03
4.11329	10.03
4.46426	10.03
4.796	10.03
5.10905	10.03
5.40396	10.03
5.68127	10.03
5.94152	10.03
6.18524	10.03
6.41299	10.03
6.6253	10.03
6.82272	10.03
7.00579	10.03
7.17504	10.03
7.33103	10.03
7.47429	10.03
7.60536	10.03
7.72478	10.03
7.83311	10.03
7.93087	10.03
8.01861	10.03
8.09687	10.03
8.1662	10.03
8.22713	10.03
8.28021	10.03
8.32598	10.03
8.36497	10.03
8.39774	10.03
8.42482	10.03
8.44676	10.03
8.46409	10.03
8.47736	10.03
8.48711	10.03
8.49388	10.03
8.49821	10.03
8.50065	10.03
8.50173	10.03
8.502	10.03
8.50664	10.03
8.52001	10.03
8.54133	10.03
8.56986	10.03
8.60483	10.03
8.64549	10.03
8.69107	10.03
8.74083	10.03
8.79399	10.03
8.84981	10.03
8.90753	10.03
8.96638	10.03
9.02562	10.03
9.08447	10.03
9.14219	10.03
9.19801	10.03
9.25117	10.03
9.30093	10.03
9.34651	10.03
9.38717	10.03
9.42214	10.03
9.45067	10.03
9.47199	10.03
9.48536	10.03
9.49	10.03
9.49012	10.03
9.49058	10.03
9.49161	10.03
9.49345	10.03
9.49633	10.03
9.50047	10.03
9.50611	10.03
9.51348	10.03
9.5228	10.03
9.53431	10.03
9.54824	10.03
9.56481	10.03
9.58426	10.03
9.60682	10.03
9.63271	10.03
9.66218	10.03
9.69544	10.03
9.73273	10.03
9.77428	10.03
9.82032	10.03
9.87107	10.03
9.92678	10.03
9.98766	10.03
10.054	10.03
10.1259	10.03
10.2037	10.03
10.2876	10.03
10.3778	10.03
10.4746	10.03
10.5782	10.03
10.6888	10.03
10.8067	10.03
10.932	10.03
11.065	10.03
11.206	10.03
11.3552	10.03
11.5127	10.03
11.6789	10.03
11.854	10.03
12.0381	10.03
12.2316	10.03
12.4346	10.03
12.6474	10.03
12.8703	10.03
13.1033	10.03
13.3469	10.03
13.6011	10.03
13.8663	10.03
14.1426	10.03
14.4303	10.03
14.7297	10.03
15.0409	10.03
15.3642	10.03
15.6998	10.03
16.048	10.03
16.4089	10.03
16.7828	10.03
17.17	10.03
17.5706	10.03
17.985	10.03
18.4132	10.03
18.8556	10.03
19.3124	10.03
19.7839	10.03
20.2701	10.03
20.7715	10.03
21.2881	10.03
21.8203	10.03
22.3683	10.03
22.9322	10.03
23.5124	10.03
24.109	10.03
24.7224	10.03
25.3526	10.03

0	10.0895
0.548385	10.0895
1.07267	10.0895
1.57339	10.0895
2.0511	10.0895
2.50632	10.0895
2.93961	10.0895
3.35151	10.0895
3.74256	10.0895
4.11329	10.0895
4.46426	10.0895
4.796	10.0895
5.10905	10.0895
5.40396	10.0895
5.68127	10.0895
5.94152	10.0895
6.18524	10.0895
6.41299	10.0895
6.6253	10.0895
6.82272	10.0895
7.00579	10.0895
7.17504	10.0895
7.33103	10.0895
7.47429	10.0895
7.60536	10.0895
7.72478	10.0895
7.83311	10.0895
7.93087	10.0895
8.01861	10.0895
8.09687	10.0895
8.1662	10.0895
8.22713	10.0895
8.28021	10.0895
8.32598	10.0895
8.36497	10.0895
8.39774	10.0895
8.42482	10.0895
8.44676	10.0895
8.46409	10.0895
8.47736	10.0895
8.48711	10.0895
8.49388	10.0895
8.49821	10.0895
8.50065	10.0895
8.50173	10.0895
8.502	10.0895
8.50664	10.0895
8.52001	10.0895
8.54133	10.0895
8.56986	10.0895
8.60483	10.0895
8.64549	10.0895
8.69107	10.0895
8.74083	10.0895
8.79399	10.0895
8.84981	10.0895
8.90753	10.0895
8.96638	10.0895
9.02562	10.0895
9.08447	10.0895
9.14219	10.0895
9.19801	10.0895
9.25117	10.0895
9.30093	10.0895
9.34651	10.0895
9.38717	10.0895
9.42214	10.0895
9.45067	10.0895
9.47199	10.0895
9.48536	10.0895
9.49	10.0895
9.49012	10.0895
9.49058	10.0895
9.49161	10.0895
9.49345	10.0895
9.49633	10.0895
9.50047	10.0895
9.50611	10.0895
9.51348	10.0895
9.5228	10.0895
9.53431	10.0895
9.54824	10.0895
9.56481	10.0895
9.58426	10.0895
9.60682	10.0895
9.63271	10.0895
9.66218	10.0895
9.69544	10.0895
9.73273	10.0895
9.77428	10.0895
9.82032	10.0895
9.87107	10.0895
9.92678	10.0895
9.98766	10.0895
10.054	10.0895
10.1259	10.0895
10.2037	10.0895
10.2876	10.0895
10.3778	10.0895
10.4746	10.0895
10.5782	10.0895
10.6888	10.0895
10.8067	10.0895
10.932	10.0895
11.065	10.0895
11.206	10.0895
11.3552	10.0895
11.5127	10.0895
11.6789	10.0895
11.854	10.0895
12.0381	10.0895
12.2316	10.0895
12.4346	10.0895
12.6474	10.0895
12.8703	10.0895
13.1033	10.0895
13.3469	10.0895
13.6011	10.0895
13.8663	10.0895
14.1426	10.0895
14.4303	10.0895
14.7297	10.0895
15.0409	10.0895
15.3642	10.0895
15.6998	10.0895
16.048	10.0895
16.4089	10.0895
16.7828	10.0895
17.17	10.0895
17.5706	10.0895
17.985	10.0895
18.4132	10.0895
18.8556	10.0895
19.3124	10.0895
19.7839	10.0895
20.2701	10.0895
20.7715	10.0895
21.2881	10.0895
21.8203	10.0895
22.3683	10.0895
22.9322	10.0895
23.5124	10.0895
24.109	10.0895
24.7224	10.0895
25.3526	10.0895

0	10.148
0.548385	10.148
1.07267	10.148
1.57339	10.148
2.0511	10.148
2.50632	10.148
2.93961	10.148
3.35151	10.148
3.74256	10.148
4.11329	10.148
4.46426	10.148
4.796	10.148
5.10905	10.148
5.40396	10.148
5.68127	10.148
5.94152	10.148
6.18524	10.148
6.41299	10.148
6.6253	10.148
6.82272	10.148
7.00579	10.148
7.17504	10.148
7.33103	10.148
7.47429	10.148
7.60536	10.148
7.72478	10.148
7.83311	10.148
7.93087	10.148
8.01861	10.148
8.09687	10.148
8.1662	10.148
8.22713	10.148
8.28021	10.148
8.32598	10.148
8.36497	10.148
8.39774	10.148
8.42482	10.148
8.44676	10.148
8.46409	10.148
8.47736	10.148
8.48711	10.148
8.49388	10.148
8.49821	10.148
8.50065	10.148
8.50173	10.148
8.502	10.148
8.50664	10.148
8.52001	10.148
8.54133	10.148
8.56986	10.148
8.60483	10.148
8.64549	10.148
8.69107	10.148
8.74083	10.148
8.79399	10.148
8.84981	10.148
8.90753	10.148
8.96638	10.148
9.02562	10.148
9.08447	10.148
9.14219	10.148
9.19801	10.148
9.25117	10.148
9.30093	10.148
9.34651	10.148
9.38717	10.148
9.42214	10.148
9.45067	10.148
9.47199	10.148
9.48536	10.148
9.49	10.148
9.49012	10.148
9.49058	10.148
9.49161	10.148
9.49345	10.148
9.49633	10.148
9.50047	10.148
9.50611	10.148
9.51348	10.148
9.5228	10.148
9.53431	10.148
9.54824	10.148
9.56481	10.148
9.58426	10.148
9.60682	10.148
9.63271	10.148
9.66218	10.148
9.69544	10.148
9.73273	10.148
9.77428	10.148
9.82032	10.148
9.87107	10.148
9.92678	10.148
9.98766	10.148
10.054	10.148
10.1259	10.148
10.2037	10.148
10.2876	10.148
10.3778	10.148
10.4746	10.148
10.5782	10.148
10.6888	10.148
10.8067	10.148
10.932	10.148
11.065	10.148
11.206	10.148
11.3552	10.148
11.5127	10.148
11.6789	10.148
11.854	10.148
12.0381	10.148
12.2316	10.148
12.4346	10.148
12.6474	10.148
12.8703	10.148
13.1033	10.148
13.3469	10.148
13.6011	10.148
13.8663	10.148
14.1426	10.148
14.4303	10.148
14.7297	10.148
15.0409	10.148
15.3642	10.148
15.6998	10.148
16.048	10.148
16.4089	10.148
16.7828	10.148
17.17	10.148
17.5706	10.148
17.985	10.148
18.4132	10.148
18.8556	10.148
19.3124	10.148
19.7839	10.148
20.2701	10.148
20.7715	10.148
21.2881	10.148
21.8203	10.148
22.3683	10.148
22.9322	10.148
23.5124	10.148
24.109	10.148
24.7224	10.148
25.3526	10.148

0	10.2045
0.548385	10.2045
1.07267	10.2045
1.57339	10.2045
2.0511	10.2045
2.50632	10.2045
2.93961	10.2045
3.35151	10.2045
3.74256	10.2045
4.11329	10.2045
4.46426	10.2045
4.796	10.2045
5.10905	10.2045
5.40396	10.2045
5.68127	10.2045
5.94152	10.2045
6.18524	10.2045
6.41299	10.2045
6.6253	10.2045
6.82272	10.2045
7.00579	10.2045
7.17504	10.2045
7.33103	10.2045
7.47429	10.2045
7.60536	10.2045
7.72478	10.2045
7.83311	10.2045
7.93087	10.2045
8.01861	10.2045
8.09687	10.2045
8.1662	10.2045
8.22713	10.2045
8.28021	10.2045
8.32598	10.2045
8.36497	10.2045
8.39774	10.2045
8.42482	10.2045
8.44676	10.2045
8.46409	10.2045
8.47736	10.2045
8.48711	10.2045
8.49388	10.2045
8.49821	10.2045
8.50065	10.2045
8.50173	10.2045
8.502	10.2045
8.50664	10.2045
8.52001	10.2045
8.54133	10.2045
8.56986	10.2045
8.60483	10.2045
8.64549	10.2045
8.69107	10.2045
8.74083	10.2045
8.79399	10.2045
8.84981	10.2045
8.90753	10.2045
8.96638	10.2045
9.02562	10.2045
9.08447	10.2045
9.14219	10.2045
9.19801	10.2045
9.25117	10.2045
9.30093	10.2045
9.34651	10.2045
9.38717	10.2045
9.42214	10.2045
9.45067	10.2045
9.47199	10.2045
9.48536	10.2045
9.49	10.2045
9.49012	10.2045
9.49058	10.2045
9.49161	10.2045
9.49345	10.2045
9.49633	10.2045
9.50047	10.2045
9.50611	10.2045
9.51348	10.2045
9.5228	10.2045
9.53431	10.2045
9.54824	10.2045
9.56481	10.2045
9.58426	10.2045
9.60682	10.2045
9.63271	10.2045
9.66218	10.2045
9.69544	10.2045
9.73273	10.2045
9.77428	10.2045
9.82032	10.2045
9.87107	10.2045
9.92678	10.2045
9.98766	10.2045
10.054	10.2045
10.1259	10.2045
10.2037	10.2045
10.2876	10.2045
10.3778	10.2045
10.4746	10.2045
10.5782	10.2045
10.6888	10.2045
10.8067	10.2045
10.932	10.2045
11.065	10.2045
11.206	10.2045
11.3552	10.2045
11.5127	10.2045
11.6789	10.2045
11.854	10.2045
12.0381	10.2045
12.2316	10.2045
12.4346	10.2045
12.6474	10.2045
12.8703	10.2045
13.1033	10.2045
13.3469	10.2045
13.6011	10.2045
13.8663	10.2045
14.1426	10.2045
14.4303	10.2045
14.7297	10.2045
15.0409	10.2045
15.3642	10.2045
15.6998	10.2045
16.048	10.2045
16.4089	10.2045
16.7828	10.2045
17.17	10.2045
17.5706	10.2045
17.985	10.2045
18.4132	10.2045
18.8556	10.2045
19.3124	10.2045
19.7839	10.2045
20.2701	10.2045
20.7715	10.2045
21.2881	10.2045
21.8203	10.2045
22.3683	10.2045
22.9322	10.2045
23.5124	10.2045
24.109	10.2045
24.7224	10.2045
25.3526	10.2045

0	10.2583
0.548385	10.2583
1.07267	10.2583
1.57339	10.2583
2.0511	10.2583
2.50632	10.2583
2.93961	10.2583
3.35151	10.2583
3.74256	10.2583
4.11329	10.2583
4.46426	10.2583
4.796	10.2583
5.10905	10.2583
5.40396	10.2583
5.68127	10.2583
5.94152	10.2583
6.18524	10.2583
6.41299	10.2583
6.6253	10.2583
6.82272	10.2583
7.00579	10.2583
7.17504	10.2583
7.33103	10.2583
7.47429	10.2583
7.60536	10.2583
7.72478	10.2583
7.83311	10.2583
7.93087	10.2583
8.01861	10.2583
8.09687	10.2583
8.1662	10.2583
8.22713	10.2583
8.28021	10.2583
8.32598	10.2583
8.36497	10.2583
8.39774	10.2583
8.42482	10.2583
8.44676	10.2583
8.46409	10.2583
8.47736	10.2583
8.48711	10.2583
8.49388	10.2583
8.49821	10.2583
8.50065	10.2583
8.50173	10.2583
8.502	10.2583
8.50664	10.2583
8.52001	10.2583
8.54133	10.2583
8.56986	10.2583
8.60483	10.2583
8.64549	10.2583
8.69107	10.2583
8.74083	10.2583
8.79399	10.2583
8.84981	10.2583
8.90753	10.2583
8.96638	10.2583
9.02562	10.2583
9.08447	10.2583
9.14219	10.2583
9.19801	10.2583
9.25117	10.2583
9.30093	10.2583
9.34651	10.2583
9.38717	10.2583
9.42214	10.2583
9.45067	10.2583
9.47199	10.2583
9.48536	10.2583
9.49	10.2583
9.49012	10.2583
9.49058	10.2583
9.49161	10.2583
9.49345	10.2583
9.49633	10.2583
9.50047	10.2583
9.50611	10.2583
9.51348	10.2583
9.5228	10.2583
9.53431	10.2583
9.54824	10.2583
9.56481	10.2583
9.58426	10.2583
9.60682	10.2583
9.63271	10.2583
9.66218	10.2583
9.69544	10.2583
9.73273	10.2583
9.77428	10.2583
9.82032	10.2583
9.87107	10.2583
9.92678	10.2583
9.98766	10.2583
10.054	10.2583
10.1259	10.2583
10.2037	10.2583
10.2876	10.2583
10.3778	10.2583
10.4746	10.2583
10.5782	10.2583
10.6888	10.2583
10.8067	10.2583
10.932	10.2583
11.065	10.2583
11.206	10.2583
11.3552	10.2583
11.5127	10.2583
11.6789	10.2583
11.854	10.2583
12.0381	10.2583
12.2316	10.2583
12.4346	10.2583
12.6474	10.2583
12.8703	10.2583
13.1033	10.2583
13.3469	10.2583
13.6011	10.2583
13.8663	10.2583
14.1426	10.2583
14.4303	10.2583
14.7297	10.2583
15.0409	10.2583
15.3642	10.2583
15.6998	10.2583
16.048	10.2583
16.4089	10.2583
16.7828	10.2583
17.17	10.2583
17.5706	10.2583
17.985	10.2583
18.4132	10.2583
18.8556	10.2583
19.3124	10.2583
19.7839	10.2583
20.2701	10.2583
20.7715	10.2583
21.2881	10.2583
21.8203	10.2583
22.3683	10.2583
22.9322	10.2583
23.5124	10.2583
24.109	10.2583
24.7224	10.2583
25.3526	10.2583

0	10.3086
0.548385	10.3086
1.07267	10.3086
1.57339	10.3086
2.0511	10.3086
2.50632	10.3086
2.93961	10.3086
3.35151	10.3086
3.74256	10.3086
4.11329	10.3086
4.46426	10.3086
4.796	10.3086
5.10905	10.3086
5.40396	10.3086
5.68127	10.3086
5.94152	10.3086
6.18524	10.3086
6.41299	10.3086
6.6253	10.3086
6.82272	10.3086
7.00579	10.3086
7.17504	10.3086
7.33103	10.3086
7.47429	10.3086
7.60536	10.3086
7.72478	10.3086
7.83311	10.3086
7.93087	10.3086
8.01861	10.3086
8.09687	10.3086
8.1662	10.3086
8.22713	10.3086
8.28021	10.3086
8.32598	10.3086
8.36497	10.3086
8.39774	10.3086
8.42482	10.3086
8.44676	10.3086
8.46409	10.3086
8.47736	10.3086
8.48711	10.3086
8.49388	10.3086
8.49821	10.3086
8.50065	10.3086
8.50173	10.3086
8.502	10.3086
8.50664	10.3086
8.52001	10.3086
8.54133	10.3086
8.56986	10.3086
8.60483	10.3086
8.64549	10.3086
8.69107	10.3086
8.74083	10.3086
8.79399	10.3086
8.84981	10.3086
8.90753	10.3086
8.96638	10.3086
9.02562	10.3086
9.08447	10.3086
9.14219	10.3086
9.19801	10.3086
9.25117	10.3086
9.30093	10.3086
9.34651	10.3086
9.38717	10.3086
9.42214	10.3086
9.45067	10.3086
9.47199	10.3086
9.48536	10.3086
9.49	10.3086
9.49012	10.3086
9.49058	10.3086
9.49161	10.3086
9.49345	10.3086
9.49633	10.3086
9.50047	10.3086
9.50611	10.3086
9.51348	10.3086
9.5228	10.3086
9.53431	10.3086
9.54824	10.3086
9.56481	10.3086
9.58426	10.3086
9.60682	10.3086
9.63271	10.3086
9.66218	10.3086
9.69544	10.3086
9.73273	10.3086
9.77428	10.3086
9.82032	10.3086
9.87107	10.3086
9.92678	10.3086
9.98766	10.3086
10.054	10.3086
10.1259	10.3086
10.2037	10.3086
10.2876	10.3086
10.3778	10.3086
10.4746	10.3086
10.5782	10.3086
10.6888	10.3086
10.8067	10.3086
10.932	10.3086
11.065	10.3086
11.206	10.3086
11.3552	10.3086
11.5127	10.3086
11.6789	10.3086
11.854	10.3086
12.0381	10.3086
12.2316	10.3086
12.4346	10.3086
12.6474	10.3086
12.8703	10.3086
13.1033	10.3086
13.3469	10.3086
13.6011	10.3086
13.8663	10.3086
14.1426	10.3086
14.4303	10.3086
14.7297	10.3086
15.0409	10.3086
15.3642	10.3086
15.6998	10.3086
16.048	10.3086
16.4089	10.3086
16.7828	10.3086
17.17	10.3086
17.5706	10.3086
17.985	10.3086
18.4132	10.3086
18.8556	10.3086
19.3124	10.3086
19.7839	10.3086
20.2701	10.3086
20.7715	10.3086
21.2881	10.3086
21.8203	10.3086
22.3683	10.3086
22.9322	10.3086
23.5124	10.3086
24.109	10.3086
24.7224	10.3086
25.3526	10.3086

0	10.3548
0.548385	10.3548
1.07267	10.3548
1.57339	10.3548
2.0511	10.3548
2.50632	10.3548
2.93961	10.3548
3.35151	10.3548
3.74256	10.3548
4.11329	10.3548
4.46426	10.3548
4.796	10.3548
5.10905	10.3548
5.40396	10.3548
5.68127	10.3548
5.94152	10.3548
6.18524	10.3548
6.41299	10.3548
6.6253	10.3548
6.82272	10.3548
7.00579	10.3548
7.17504	10.3548
7.33103	10.3548
7.47429	10.3548
7.60536	10.3548
7.72478	10.3548
7.83311	10.3548
7.93087	10.3548
8.01861	10.3548
8.09687	10.3548
8.1662	10.3548
8.22713	10.3548
8.28021	10.3548
8.32598	10.3548
8.36497	10.3548
8.39774	10.3548
8.42482	10.3548
8.44676	10.3548
8.46409	10.3548
8.47736	10.3548
8.48711	10.3548
8.49388	10.3548
8.49821	10.3548
8.50065	10.3548
8.50173	10.3548
8.502	10.3548
8.50664	10.3548
8.52001	10.3548
8.54133	10.3548
8.56986	10.3548
8.60483	10.3548
8.64549	10.3548
8.69107	10.3548
8.74083	10.3548
8.79399	10.3548
8.84981	10.3548
8.90753	10.3548
8.96638	10.3548
9.02562	10.3548
9.08447	10.3548
9.14219	10.3548
9.19801	10.3548
9.25117	10.3548
9.30093	10.3548
9.34651	10.3548
9.38717	10.3548
9.42214	10.3548
9.45067	10.3548
9.47199	10.3548
9.48536	10.3548
9.49	10.3548
9.49012	10.3548
9.49058	10.3548
9.49161	10.3548
9.49345	10.3548
9.49633	10.3548
9.50047	10.3548
9.50611	10.3548
9.51348	10.3548
9.5228	10.3548
9.53431	10.3548
9.54824	10.3548
9.56481	10.3548
9.58426	10.3548
9.60682	10.3548
9.63271	10.3548
9.66218	10.3548
9.69544	10.3548
9.73273	10.3548
9.77428	10.3548
9.82032	10.3548
9.87107	10.3548
9.92678	10.3548
9.98766	10.3548
10.054	10.3548
10.1259	10.3548
10.2037	10.3548
10.2876	10.3548
10.3778	10.3548
10.4746	10.3548
10.5782	10.3548
10.6888	10.3548
10.8067	10.3548
10.932	10.3548
11.065	10.3548
11.206	10.3548
11.3552	10.3548
11.5127	10.3548
11.6789	10.3548
11.854	10.3548
12.0381	10.3548
12.2316	10.3548
12.4346	10.3548
12.6474	10.3548
12.8703	10.3548
13.1033	10.3548
13.3469	10.3548
13.6011	10.3548
13.8663	10.3548
14.1426	10.3548
14.4303	10.3548
14.7297	10.3548
15.0409	10.3548
15.3642	10.3548
15.6998	10.3548
16.048	10.3548
16.4089	10.3548
16.7828	10.3548
17.17	10.3548
17.5706	10.3548
17.985	10.3548
18.4132	10.3548
18.8556	10.3548
19.3124	10.3548
19.7839	10.3548
20.2701	10.3548
20.7715	10.3548
21.2881	10.3548
21.8203	10.3548
22.3683	10.3548
22.9322	10.3548
23.5124	10.3548
24.109	10.3548
24.7224	10.3548
25.3526	10.3548

0	10.3959
0.548385	10.3959
1.07267	10.3959
1.57339	10.3959
2.0511	10.3959
2.50632	10.3959
2.93961	10.3959
3.35151	10.3959
3.74256	10.3959
4.11329	10.3959
4.46426	10.3959
4.796	10.3959
5.10905	10.3959
5.40396	10.3959
5.68127	10.3959
5.94152	10.3959
6.18524	10.3959
6.41299	10.3959
6.6253	10.3959
6.82272	10.3959
7.00579	10.3959
7.17504	10.3959
7.33103	10.3959
7.47429	10.3959
7.60536	10.3959
7.72478	10.3959
7.83311	10.3959
7.93087	10.3959
8.01861	10.3959
8.09687	10.3959
8.1662	10.3959
8.22713	10.3959
8.28021	10.3959
8.32598	10.3959
8.36497	10.3959
8.39774	10.3959
8.42482	10.3959
8.44676	10.3959
8.46409	10.3959
8.47736	10.3959
8.48711	10.3959
8.49388	10.3959
8.49821	10.3959
8.50065	10.3959
8.50173	10.3959
8.502	10.3959
8.50664	10.3959
8.52001	10.3959
8.54133	10.3959
8.56986	10.3959
8.60483	10.3959
8.64549	10.3959
8.69107	10.3959
8.74083	10.3959
8.79399	10.3959
8.84981	10.3959
8.90753	10.3959
8.96638	10.3959
9.02562	10.3959
9.08447	10.3959
9.14219	10.3959
9.19801	10.3959
9.25117	10.3959
9.30093	10.3959
9.34651	10.3959
9.38717	10.3959
9.42214	10.3959
9.45067	10.3959
9.47199	10.3959
9.48536	10.3959
9.49	10.3959
9.49012	10.3959
9.49058	10.3959
9.49161	10.3959
9.49345	10.3959
9.49633	10.3959
9.50047	10.3959
9.50611	10.3959
9.51348	10.3959
9.5228	10.3959
9.53431	10.3959
9.54824	10.3959
9.56481	10.3959
9.58426	10.3959
9.60682	10.3959
9.63271	10.3959
9.66218	10.3959
9.69544	10.3959
9.73273	10.3959
9.77428	10.3959
9.82032	10.3959
9.87107	10.3959
9.92678	10.3959
9.98766	10.3959
10.054	10.3959
10.1259	10.3959
10.2037	10.3959
10.2876	10.3959
10.3778	10.3959
10.4746	10.3959
10.5782	10.3959
10.6888	10.3959
10.8067	10.3959
10.932	10.3959
11.065	10.3959
11.206	10.3959
11.3552	10.3959
11.5127	10.3959
11.6789	10.3959
11.854	10.3959
12.0381	10.3959
12.2316	10.3959
12.4346	10.3959
12.6474	10.3959
12.8703	10.3959
13.1033	10.3959
13.3469	10.3959
13.6011	10.3959
13.8663	10.3959
14.1426	10.3959
14.4303	10.3959
14.7297	10.3959
15.0409	10.3959
15.3642	10.3959
15.6998	10.3959
16.048	10.3959
16.4089	10.3959
16.7828	10.3959
17.17	10.3959
17.5706	10.3959
17.985	10.3959
18.4132	10.3959
18.8556	10.3959
19.3124	10.3959
19.7839	10.3959
20.2701	10.3959
20.7715	10.3959
21.2881	10.3959
21.8203	10.3959
22.3683	10.3959
22.9322	10.3959
23.5124	10.3959
24.109	10.3959
24.7224	10.3959
25.3526	10.3959

0	10.4313
0.548385	10.4313
1.07267	10.4313
1.57339	10.4313
2.0511	10.4313
2.50632	10.4313
2.93961	10.4313
3.35151	10.4313
3.74256	10.4313
4.11329	10.4313
4.46426	10.4313
4.796	10.4313
5.10905	10.4313
5.40396	10.4313
5.68127	10.4313
5.94152	10.4313
6.18524	10.4313
6.41299	10.4313
6.6253	10.4313
6.82272	10.4313
7.00579	10.4313
7.17504	10.4313
7.33103	10.4313
7.47429	10.4313
7.60536	10.4313
7.72478	10.4313
7.83311	10.4313
7.93087	10.4313
8.01861	10.4313
8.09687	10.4313
8.1662	10.4313
8.22713	10.4313
8.28021	10.4313
8.32598	10.4313
8.36497	10.4313
8.39774	10.4313
8.42482	10.4313
8.44676	10.4313
8.46409	10.4313
8.47736	10.4313
8.48711	10.4313
8.49388	10.4313
8.49821	10.4313
8.50065	10.4313
8.50173	10.4313
8.502	10.4313
8.50664	10.4313
8.52001	10.4313
8.54133	10.4313
8.56986	10.4313
8.60483	10.4313
8.64549	10.4313
8.69107	10.4313
8.74083	10.4313
8.79399	10.4313
8.84981	10.4313
8.90753	10.4313
8.96638	10.4313
9.02562	10.4313
9.08447	10.4313
9.14219	10.4313
9.19801	10.4313
9.25117	10.4313
9.30093	10.4313
9.34651	10.4313
9.38717	10.4313
9.42214	10.4313
9.45067	10.4313
9.47199	10.4313
9.48536	10.4313
9.49	10.4313
9.49012	10.4313
9.49058	10.4313
9.49161	10.4313
9.49345	10.4313
9.49633	10.4313
9.50047	10.4313
9.50611	10.4313
9.51348	10.4313
9.5228	10.4313
9.53431	10.4313
9.54824	10.4313
9.56481	10.4313
9.58426	10.4313
9.60682	10.4313
9.63271	10.4313
9.66218	10.4313
9.69544	10.4313
9.73273	10.4313
9.77428	10.4313
9.82032	10.4313
9.87107	10.4313
9.92678	10.4313
9.98766	10.4313
10.054	10.4313
10.1259	10.4313
10.2037	10.4313
10.2876	10.4313
10.3778	10.4313
10.4746	10.4313
10.5782	10.4313
10.6888	10.4313
10.8067	10.4313
10.932	10.4313
11.065	10.4313
11.206	10.4313
11.3552	10.4313
11.5127	10.4313
11.6789	10.4313
11.854	10.4313
12.0381	10.4313
12.2316	10.4313
12.4346	10.4313
12.6474	10.4313
12.8703	10.4313
13.1033	10.4313
13.3469	10.4313
13.6011	10.4313
13.8663	10.4313
14.1426	10.4313
14.4303	10.4313
14.7297	10.4313
15.0409	10.4313
15.3642	10.4313
15.6998	10.4313
16.048	10.4313
16.4089	10.4313
16.7828	10.4313
17.17	10.4313
17.5706	10.4313
17.985	10.4313
18.4132	10.4313
18.8556	10.4313
19.3124	10.4313
19.7839	10.4313
20.2701	10.4313
20.7715	10.4313
21.2881	10.4313
21.8203	10.4313
22.3683	10.4313
22.9322	10.4313
23.5124	10.4313
24.109	10.4313
24.7224	10.4313
25.3526	10.4313

0	10.4602
0.548385	10.4602
1.07267	10.4602
1.57339	10.4602
2.0511	10.4602
2.50632	10.4602
2.93961	10.4602
3.35151	10.4602
3.74256	10.4602
4.11329	10.4602
4.46426	10.4602
4.796	10.4602
5.10905	10.4602
5.40396	10.4602
5.68127	10.4602
5.94152	10.4602
6.18524	10.4602
6.41299	10.4602
6.6253	10.4602
6.82272	10.4602
7.00579	10.4602
7.17504	10.4602
7.33103	10.4602
7.47429	10.4602
7.60536	10.4602
7.72478	10.4602
7.83311	10.4602
7.93087	10.4602
8.01861	10.4602
8.09687	10.4602
8.1662	10.4602
8.22713	10.4602
8.28021	10.4602
8.32598	10.4602
8.36497	10.4602
8.39774	10.4602
8.42482	10.4602
8.44676	10.4602
8.46409	10.4602
8.47736	10.4602
8.48711	10.4602
8.49388	10.4602
8.49821	10.4602
8.50065	10.4602
8.50173	10.4602
8.502	10.4602
8.50664	10.4602
8.52001	10.4602
8.54133	10.4602
8.56986	10.4602
8.60483	10.4602
8.64549	10.4602
8.69107	10.4602
8.74083	10.4602
8.79399	10.4602
8.84981	10.4602
8.90753	10.4602
8.96638	10.4602
9.02562	10.4602
9.08447	10.4602
9.14219	10.4602
9.19801	10.4602
9.25117	10.4602
9.30093	10.4602
9.34651	10.4602
9.38717	10.4602
9.42214	10.4602
9.45067	10.4602
9.47199	10.4602
9.48536	10.4602
9.49	10.4602
9.49012	10.4602
9.49058	10.4602
9.49161	10.4602
9.49345	10.4602
9.49633	10.4602
9.50047	10.4602
9.50611	10.4602
9.51348	10.4602
9.5228	10.4602
9.53431	10.4602
9.54824	10.4602
9.56481	10.4602
9.58426	10.4602
9.60682	10.4602
9.63271	10.4602
9.66218	10.4602
9.69544	10.4602
9.73273	10.4602
9.77428	10.4602
9.82032	10.4602
9.87107	10.4602
9.92678	10.4602
9.98766	10.4602
10.054	10.4602
10.1259	10.4602
10.2037	10.4602
10.2876	10.4602
10.3778	10.4602
10.4746	10.4602
10.5782	10.4602
10.6888	10.4602
10.8067	10.4602
10.932	10.4602
11.065	10.4602
11.206	10.4602
11.3552	10.4602
11.5127	10.4602
11.6789	10.4602
11.854	10.4602
12.0381	10.4602
12.2316	10.4602
12.4346	10.4602
12.6474	10.4602
12.8703	10.4602
13.1033	10.4602
13.3469	10.4602
13.6011	10.4602
13.8663	10.4602
14.1426	10.4602
14.4303	10.4602
14.7297	10.4602
15.0409	10.4602
15.3642	10.4602
15.6998	10.4602
16.048	10.4602
16.4089	10.4602
16.7828	10.4602
17.17	10.4602
17.5706	10.4602
17.985	10.4602
18.4132	10.4602
18.8556	10.4602
19.3124	10.4602
19.7839	10.4602
20.2701	10.4602
20.7715	10.4602
21.2881	10.4602
21.8203	10.4602
22.3683	10.4602
22.9322	10.4602
23.5124	10.4602
24.109	10.4602
24.7224	10.4602
25.3526	10.4602

0	10.4818
0.548385	10.4818
1.07267	10.4818
1.57339	10.4818
2.0511	10.4818
2.50632	10.4818
2.93961	10.4818
3.35151	10.4818
3.74256	10.4818
4.11329	10.4818
4.46426	10.4818
4.796	10.4818
5.10905	10.4818
5.40396	10.4818
5.68127	10.4818
5.94152	10.4818
6.18524	10.4818
6.41299	10.4818
6.6253	10.4818
6.82272	10.4818
7.00579	10.4818
7.17504	10.4818
7.33103	10.4818
7.47429	10.4818
7.60536	10.4818
7.72478	10.4818
7.83311	10.4818
7.93087	10.4818
8.01861	10.4818
8.09687	10.4818
8.1662	10.4818
8.22713	10.4818
8.28021	10.4818
8.32598	10.4818
8.36497	10.4818
8.39774	10.4818
8.42482	10.4818
8.44676	10.4818
8.46409	10.4818
8.47736	10.4818
8.48711	10.4818
8.49388	10.4818
8.49821	10.4818
8.50065	10.4818
8.50173	10.4818
8.502	10.4818
8.50664	10.4818
8.52001	10.4818
8.54133	10.4818
8.56986	10.4818
8.60483	10.4818
8.64549	10.4818
8.69107	10.4818
8.74083	10.4818
8.79399	10.4818
8.84981	10.4818
8.90753	10.4818
8.96638	10.4818
9.02562	10.4818
9.08447	10.4818
9.14219	10.4818
9.19801	10.4818
9.25117	10.4818
9.30093	10.4818
9.34651	10.4818
9.38717	10.4818
9.42214	10.4818
9.45067	10.4818
9.47199	10.4818
9.48536	10.4818
9.49	10.4818
9.49012	10.4818
9.49058	10.4818
9.49161	10.4818
9.49345	10.4818
9.49633	10.4818
9.50047	10.4818
9.50611	10.4818
9.51348	10.4818
9.5228	10.4818
9.53431	10.4818
9.54824	10.4818
9.56481	10.4818
9.58426	10.4818
9.60682	10.4818
9.63271	10.4818
9.66218	10.4818
9.69544	10.4818
9.73273	10.4818
9.77428	10.4818
9.82032	10.4818
9.87107	10.4818
9.92678	10.4818
9.98766	10.4818
10.054	10.4818
10.1259	10.4818
10.2037	10.4818
10.2876	10.4818
10.3778	10.4818
10.4746	10.4818
10.5782	10.4818
10.6888	10.4818
10.8067	10.4818
10.932	10.4818
11.065	10.4818
11.206	10.4818
11.3552	10.4818
11.5127	10.4818
11.6789	10.4818
11.854	10.4818
12.0381	10.4818
12.2316	10.4818
12.4346	10.4818
12.6474	10.4818
12.8703	10.4818
13.1033	10.4818
13.3469	10.4818
13.6011	10.4818
13.8663	10.4818
14.1426	10.4818
14.4303	10.4818
14.7297	10.4818
15.0409	10.4818
15.3642	10.4818
15.6998	10.4818
16.048	10.4818
16.4089	10.4818
16.7828	10.4818
17.17	10.4818
17.5706	10.4818
17.985	10.4818
18.4132	10.4818
18.8556	10.4818
19.3124	10.4818
19.7839	10.4818
20.2701	10.4818
20.7715	10.4818
21.2881	10.4818
21.8203	10.4818
22.3683	10.4818
22.9322	10.4818
23.5124	10.4818
24.109	10.4818
24.7224	10.4818
25.3526	10.4818

0	10.4953
0.548385	10.4953
1.07267	10.4953
1.57339	10.4953
2.0511	10.4953
2.50632	10.4953
2.93961	10.4953
3.35151	10.4953
3.74256	10.4953
4.11329	10.4953
4.46426	10.4953
4.796	10.4953
5.10905	10.4953
5.40396	10.4953
5.68127	10.4953
5.94152	10.4953
6.18524	10.4953
6.41299	10.4953
6.6253	10.4953
6.82272	10.4953
7.00579	10.4953
7.17504	10.4953
7.33103	10.4953
7.47429	10.4953
7.60536	10.4953
7.72478	10.4953
7.83311	10.4953
7.93087	10.4953
8.01861	10.4953
8.09687	10.4953
8.1662	10.4953
8.22713	10.4953
8.28021	10.4953
8.32598	10.4953
8.36497	10.4953
8.39774	10.4953
8.42482	10.4953
8.44676	10.4953
8.46409	10.4953
8.47736	10.4953
8.48711	10.4953
8.49388	10.4953
8.49821	10.4953
8.50065	10.4953
8.50173	10.4953
8.502	10.4953
8.50664	10.4953
8.52001	10.4953
8.54133	10.4953
8.56986	10.4953
8.60483	10.4953
8.64549	10.4953
8.69107	10.4953
8.74083	10.4953
8.79399	10.4953
8.84981	10.4953
8.90753	10.4953
8.96638	10.4953
9.02562	10.4953
9.08447	10.4953
9.14219	10.4953
9.19801	10.4953
9.25117	10.4953
9.30093	10.4953
9.34651	10.4953
9.38717	10.4953
9.42214	10.4953
9.45067	10.4953
9.47199	10.4953
9.48536	10.4953
9.49	10.4953
9.49012	10.4953
9.49058	10.4953
9.49161	10.4953
9.49345	10.4953
9.49633	10.4953
9.50047	10.4953
9.50611	10.4953
9.51348	10.4953
9.5228	10.4953
9.53431	10.4953
9.54824	10.4953
9.56481	10.4953
9.58426	10.4953
9.60682	10.4953
9.63271	10.4953
9.66218	10.4953
9.69544	10.4953
9.73273	10.4953
9.77428	10.4953
9.82032	10.4953
9.87107	10.4953
9.92678	10.4953
9.98766	10.4953
10.054	10.4953
10.1259	10.4953
10.2037	10.4953
10.2876	10.4953
10.3778	10.4953
10.4746	10.4953
10.5782	10.4953
10.6888	10.4953
10.8067	10.4953
10.932	10.4953
11.065	10.4953
11.206	10.4953
11.3552	10.4953
11.5127	10.4953
11.6789	10.4953
11.854	10.4953
12.0381	10.4953
12.2316	10.4953
12.4346	10.4953
12.6474	10.4953
12.8703	10.4953
13.1033	10.4953
13.3469	10.4953
13.6011	10.4953
13.8663	10.4953
14.1426	10.4953
14.4303	10.4953
14.7297	10.4953
15.0409	10.4953
15.3642	10.4953
15.6998	10.4953
16.048	10.4953
16.4089	10.4953
16.7828	10.4953
17.17	10.4953
17.5706	10.4953
17.985	10.4953
18.4132	10.4953
18.8556	10.4953
19.3124	10.4953
19.7839	10.4953
20.2701	10.4953
20.7715	10.4953
21.2881	10.4953
21.8203	10.4953
22.3683	10.4953
22.9322	10.4953
23.5124	10.4953
24.109	10.4953
24.7224	10.4953
25.3526	10.4953

0	10.5
0.548385	10.5
1.07267	10.5
1.57339	10.5
2.0511	10.5
2.50632	10.5
2.93961	10.5
3.35151	10.5
3.74256	10.5
4.11329	10.5
4.46426	10.5
4.796	10.5
5.10905	10.5
5.40396	10.5
5.68127	10.5
5.94152	10.5
6.18524	10.5
6.41299	10.5
6.6253	10.5
6.82272	10.5
7.00579	10.5
7.17504	10.5
7.33103	10.5
7.47429	10.5
7.60536	10.5
7.72478	10.5
7.83311	10.5
7.93087	10.5
8.01861	10.5
8.09687	10.5
8.1662	10.5
8.22713	10.5
8.28021	10.5
8.32598	10.5
8.36497	10.5
8.39774	10.5
8.42482	10.5
8.44676	10.5
8.46409	10.5
8.47736	10.5
8.48711	10.5
8.49388	10.5
8.49821	10.5
8.50065	10.5
8.50173	10.5
8.502	10.5
8.50664	10.5
8.52001	10.5
8.54133	10.5
8.56986	10.5
8.60483	10.5
8.64549	10.5
8.69107	10.5
8.74083	10.5
8.79399	10.5
8.84981	10.5
8.90753	10.5
8.96638	10.5
9.02562	10.5
9.08447	10.5
9.14219	10.5
9.19801	10.5
9.25117	10.5
9.30093	10.5
9.34651	10.5
9.38717	10.5
9.42214	10.5
9.45067	10.5
9.47199	10.5
9.48536	10.5
9.49	10.5
9.49012	10.5
9.49058	10.5
9.49161	10.5
9.49345	10.5
9.49633	10.5
9.50047	10.5
9.50611	10.5
9.51348	10.5
9.5228	10.5
9.53431	10.5
9.54824	10.5
9.56481	10.5
9.58426	10.5
9.60682	10.5
9.63271	10.5
9.66218	10.5
9.69544	10.5
9.73273	10.5
9.77428	10.5
9.82032	10.5
9.87107	10.5
9.92678	10.5
9.98766	10.5
10.054	10.5
10.1259	10.5
10.2037	10.5
10.2876	10.5
10.3778	10.5
10.4746	10.5
10.5782	10.5
10.6888	10.5
10.8067	10.5
10.932	10.5
11.065	10.5
11.206	10.5
11.3552	10.5
11.5127	10.5
11.6789	10.5
11.854	10.5
12.0381	10.5
12.2316	10.5
12.4346	10.5
12.6474	10.5
12.8703	10.5
13.1033	10.5
13.3469	10.5
13.6011	10.5
13.8663	10.5
14.1426	10.5
14.4303	10.5
14.7297	10.5
15.0409	10.5
15.3642	10.5
15.6998	10.5
16.048	10.5
16.4089	10.5
16.7828	10.5
17.17	10.5
17.5706	10.5
17.985	10.5
18.4132	10.5
18.8556	10.5
19.3124	10.5
19.7839	10.5
20.2701	10.5
20.7715	10.5
21.2881	10.5
21.8203	10.5
22.3683	10.5
22.9322	10.5
23.5124	10.5
24.109	10.5
24.7224	10.5
25.3526	10.5

0	10.5003
0.548385	10.5003
1.07267	10.5003
1.57339	10.5003
2.0511	10.5003
2.50632	10.5003
2.93961	10.5003
3.35151	10.5003
3.74256	10.5003
4.11329	10.5003
4.46426	10.5003
4.796	10.5003
5.10905	10.5003
5.40396	10.5003
5.68127	10.5003
5.94152	10.5003
6.18524	10.5003
6.41299	10.5003
6.6253	10.5003
6.82272	10.5003
7.00579	10.5003
7.17504	10.5003
7.33103	10.5003
7.47429	10.5003
7.60536	10.5003
7.72478	10.5003
7.83311	10.5003
7.93087	10.5003
8.01861	10.5003
8.09687	10.5003
8.1662	10.5003
8.22713	10.5003
8.28021	10.5003
8.32598	10.5003
8.36497	10.5003
8.39774	10.5003
8.42482	10.5003
8.44676	10.5003
8.46409	10.5003
8.47736	10.5003
8.48711	10.5003
8.49388	10.5003
8.49821	10.5003
8.50065	10.5003
8.50173	10.5003
8.502	10.5003
8.50664	10.5003
8.52001	10.5003
8.54133	10.5003
8.56986	10.5003
8.60483	10.5003
8.64549	10.5003
8.69107	10.5003
8.74083	10.5003
8.79399	10.5003
8.84981	10.5003
8.90753	10.5003
8.96638	10.5003
9.02562	10.5003
9.08447	10.5003
9.14219	10.5003
9.19801	10.5003
9.25117	10.5003
9.30093	10.5003
9.34651	10.5003
9.38717	10.5003
9.42214	10.5003
9.45067	10.5003
9.47199	10.5003
9.48536	10.5003
9.49	10.5003
9.49012	10.5003
9.49058	10.5003
9.49161	10.5003
9.49345	10.5003
9.49633	10.5003
9.50047	10.5003
9.50611	10.5003
9.51348	10.5003
9.5228	10.5003
9.53431	10.5003
9.54824	10.5003
9.56481	10.5003
9.58426	10.5003
9.60682	10.5003
9.63271	10.5003
9.66218	10.5003
9.69544	10.5003
9.73273	10.5003
9.77428	10.5003
9.82032	10.5003
9.87107	10.5003
9.92678	10.5003
9.98766	10.5003
10.054	10.5003
10.1259	10.5003
10.2037	10.5003
10.2876	10.5003
10.3778	10.5003
10.4746	10.5003
10.5782	10.5003
10.6888	10.5003
10.8067	10.5003
10.932	10.5003
11.065	10.5003
11.206	10.5003
11.3552	10.5003
11.5127	10.5003
11.6789	10.5003
11.854	10.5003
12.0381	10.5003
12.2316	10.5003
12.4346	10.5003
12.6474	10.5003
12.8703	10.5003
13.1033	10.5003
13.3469	10.5003
13.6011	10.5003
13.8663	10.5003
14.1426	10.5003
14.4303	10.5003
14.7297	10.5003
15.0409	10.5003
15.3642	10.5003
15.6998	10.5003
16.048	10.5003
16.4089	10.5003
16.7828	10.5003
17.17	10.5003
17.5706	10.5003
17.985	10.5003
18.4132	10.5003
18.8556	10.5003
19.3124	10.5003
19.7839	10.5003
20.2701	10.5003
20.7715	10.5003
21.2881	10.5003
21.8203	10.5003
22.3683	10.5003
22.9322	10.5003
23.5124	10.5003
24.109	10.5003
24.7224	10.5003
25.3526	10.5003

0	10.5015
0.548385	10.5015
1.07267	10.5015
1.57339	10.5015
2.0511	10.5015
2.50632	10.5015
2.93961	10.5015
3.35151	10.5015
3.74256	10.5015
4.11329	10.5015
4.46426	10.5015
4.796	10.5015
5.10905	10.5015
5.40396	10.5015
5.68127	10.5015
5.94152	10.5015
6.18524	10.5015
6.41299	10.5015
6.6253	10.5015
6.82272	10.5015
7.00579	10.5015
7.17504	10.5015
7.33103	10.5015
7.47429	10.5015
7.60536	10.5015
7.72478	10.5015
7.83311	10.5015
7.93087	10.5015
8.01861	10.5015
8.09687	10.5015
8.1662	10.5015
8.22713	10.5015
8.28021	10.5015
8.32598	10.5015
8.36497	10.5015
8.39774	10.5015
8.42482	10.5015
8.44676	10.5015
8.46409	10.5015
8.47736	10.5015
8.48711	10.5015
8.49388	10.5015
8.49821	10.5015
8.50065	10.5015
8.50173	10.5015
8.502	10.5015
8.50664	10.5015
8.52001	10.5015
8.54133	10.5015
8.56986	10.5015
8.60483	10.5015
8.64549	10.5015
8.69107	10.5015
8.74083	10.5015
8.79399	10.5015
8.84981	10.5015
8.90753	10.5015
8.96638	10.5015
9.02562	10.5015
9.08447	10.5015
9.14219	10.5015
9.19801	10.5015
9.25117	10.5015
9.30093	10.5015
9.34651	10.5015
9.38717	10.5015
9.42214	10.5015
9.45067	10.5015
9.47199	10.5015
9.48536	10.5015
9.49	10.5015
9.49012	10.5015
9.49058	10.5015
9.49161	10.5015
9.49345	10.5015
9.49633	10.5015
9.50047	10.5015
9.50611	10.5015
9.51348	10.5015
9.5228	10.5015
9.53431	10.5015
9.54824	10.5015
9.56481	10.5015
9.58426	10.5015
9.60682	10.5015
9.63271	10.5015
9.66218	10.5015
9.69544	10.5015
9.73273	10.5015
9.77428	10.5015
9.82032	10.5015
9.87107	10.5015
9.92678	10.5015
9.98766	10.5015
10.054	10.5015
10.1259	10.5015
10.2037	10.5015
10.2876	10.5015
10.3778	10.5015
10.4746	10.5015
10.5782	10.5015
10.6888	10.5015
10.8067	10.5015
10.932	10.5015
11.065	10.5015
11.206	10.5015
11.3552	10.5015
11.5127	10.5015
11.6789	10.5015
11.854	10.5015
12.0381	10.5015
12.2316	10.5015
12.4346	10.5015
12.6474	10.5015
12.8703	10.5015
13.1033	10.5015
13.3469	10.5015
13.6011	10.5015
13.8663	10.5015
14.1426	10.5015
14.4303	10.5015
14.7297	10.5015
15.0409	10.5015
15.3642	10.5015
15.6998	10.5015
16.048	10.5015
16.4089	10.5015
16.7828	10.5015
17.17	10.5015
17.5706	10.5015
17.985	10.5015
18.4132	10.5015
18.8556	10.5015
19.3124	10.5015
19.7839	10.5015
20.2701	10.5015
20.7715	10.5015
21.2881	10.5015
21.8203	10.5015
22.3683	10.5015
22.9322	10.5015
23.5124	10.5015
24.109	10.5015
24.7224	10.5015
25.3526	10.5015

0	10.5042
0.548385	10.5042
1.07267	10.5042
1.57339	10.5042
2.0511	10.5042
2.50632	10.5042
2.93961	10.5042
3.35151	10.5042
3.74256	10.5042
4.11329	10.5042
4.46426	10.5042
4.796	10.5042
5.10905	10.5042
5.40396	10.5042
5.68127	10.5042
5.94152	10.5042
6.18524	10.5042
6.41299	10.5042
6.6253	10.5042
6.82272	10.5042
7.00579	10.5042
7.17504	10.5042
7.33103	10.5042
7.47429	10.5042
7.60536	10.5042
7.72478	10.5042
7.83311	10.5042
7.93087	10.5042
8.01861	10.5042
8.09687	10.5042
8.1662	10.5042
8.22713	10.5042
8.28021	10.5042
8.32598	10.5042
8.36497	10.5042
8.39774	10.5042
8.42482	10.5042
8.44676	10.5042
8.46409	10.5042
8.47736	10.5042
8.48711	10.5042
8.49388	10.5042
8.49821	10.5042
8.50065	10.5042
8.50173	10.5042
8.502	10.5042
8.50664	10.5042
8.52001	10.5042
8.54133	10.5042
8.56986	10.5042
8.60483	10.5042
8.64549	10.5042
8.69107	10.5042
8.74083	10.5042
8.79399	10.5042
8.84981	10.5042
8.90753	10.5042
8.96638	10.5042
9.02562	10.5042
9.08447	10.5042
9.14219	10.5042
9.19801	10.5042
9.25117	10.5042
9.30093	10.5042
9.34651	10.5042
9.38717	10.5042
9.42214	10.5042
9.45067	10.5042
9.47199	10.5042
9.48536	10.5042
9.49	10.5042
9.49012	10.5042
9.49058	10.5042
9.49161	10.5042
9.49345	10.5042
9.49633	10.5042
9.50047	10.5042
9.50611	10.5042
9.51348	10.5042
9.5228	10.5042
9.53431	10.5042
9.54824	10.5042
9.56481	10.5042
9.58426	10.5042
9.60682	10.5042
9.63271	10.5042
9.66218	10.5042
9.69544	10.5042
9.73273	10.5042
9.77428	10.5042
9.82032	10.5042
9.87107	10.5042
9.92678	10.5042
9.98766	10.5042
10.054	10.5042
10.1259	10.5042
10.2037	10.5042
10.2876	10.5042
10.3778	10.5042
10.4746	10.5042
10.5782	10.5042
10.6888	10.5042
10.8067	10.5042
10.932	10.5042
11.065	10.5042
11.206	10.5042
11.3552	10.5042
11.5127	10.5042
11.6789	10.5042
11.854	10.5042
12.0381	10.5042
12.2316	10.5042
12.4346	10.5042
12.6474	10.5042
12.8703	10.5042
13.1033	10.5042
13.3469	10.5042
13.6011	10.5042
13.8663	10.5042
14.1426	10.5042
14.4303	10.5042
14.7297	10.5042
15.0409	10.5042
15.3642	10.5042
15.6998	10.5042
16.048	10.5042
16.4089	10.5042
16.7828	10.5042
17.17	10.5042
17.5706	10.5042
17.985	10.5042
18.4132	10.5042
18.8556	10.5042
19.3124	10.5042
19.7839	10.5042
20.2701	10.5042
20.7715	10.5042
21.2881	10.5042
21.8203	10.5042
22.3683	10.5042
22.9322	10.5042
23.5124	10.5042
24.109	10.5042
24.7224	10.5042
25.3526	10.5042

0	10.5091
0.548385	10.5091
1.07267	10.5091
1.57339	10.5091
2.0511	10.5091
2.50632	10.5091
2.93961	10.5091
3.35151	10.5091
3.74256	10.5091
4.11329	10.5091
4.46426	10.5091
4.796	10.5091
5.10905	10.5091
5.40396	10.5091
5.68127	10.5091
5.94152	10.5091
6.18524	10.5091
6.41299	10.5091
6.6253	10.5091
6.82272	10.5091
7.00579	10.5091
7.17504	10.5091
7.33103	10.5091
7.47429	10.5091
7.60536	10.5091
7.72478	10.5091
7.83311	10.5091
7.93087	10.5091
8.01861	10.5091
8.09687	10.5091
8.1662	10.5091
8.22713	10.5091
8.28021	10.5091
8.32598	10.5091
8.36497	10.5091
8.39774	10.5091
8.42482	10.5091
8.44676	10.5091
8.46409	10.5091
8.47736	10.5091
8.48711	10.5091
8.49388	10.5091
8.49821	10.5091
8.50065	10.5091
8.50173	10.5091
8.502	10.5091
8.50664	10.5091
8.52001	10.5091
8.54133	10.5091
8.56986	10.5091
8.60483	10.5091
8.64549	10.5091
8.69107	10.5091
8.74083	10.5091
8.79399	10.5091
8.84981	10.5091
8.90753	10.5091
8.96638	10.5091
9.02562	10.5091
9.08447	10.5091
9.14219	10.5091
9.19801	10.5091
9.25117	10.5091
9.30093	10.5091
9.34651	10.5091
9.38717	10.5091
9.42214	10.5091
9.45067	10.5091
9.47199	10.5091
9.48536	10.5091
9.49	10.5091
9.49012	10.5091
9.49058	10.5091
9.49161	10.5091
9.49345	10.5091
9.49633	10.5091
9.50047	10.5091
9.50611	10.5091
9.51348	10.5091
9.5228	10.5091
9.53431	10.5091
9.54824	10.5091
9.56481	10.5091
9.58426	10.5091
9.60682	10.5091
9.63271	10.5091
9.66218	10.5091
9.69544	10.5091
9.73273	10.5091
9.77428	10.5091
9.82032	10.5091
9.87107	10.5091
9.92678	10.5091
9.98766	10.5091
10.054	10.5091
10.1259	10.5091
10.2037	10.5091
10.2876	10.5091
10.3778	10.5091
10.4746	10.5091
10.5782	10.5091
10.6888	10.5091
10.8067	10.5091
10.932	10.5091
11.065	10.5091
11.206	10.5091
11.3552	10.5091
11.5127	10.5091
11.6789	10.5091
11.854	10.5091
12.0381	10.5091
12.2316	10.5091
12.4346	10.5091
12.6474	10.5091
12.8703	10.5091
13.1033	10.5091
13.3469	10.5091
13.6011	10.5091
13.8663	10.5091
14.1426	10.5091
14.4303	10.5091
14.7297	10.5091
15.0409	10.5091
15.3642	10.5091
15.6998	10.5091
16.048	10.5091
16.4089	10.5091
16.7828	10.5091
17.17	10.5091
17.5706	10.5091
17.985	10.5091
18.4132	10.5091
18.8556	10.5091
19.3124	10.5091
19.7839	10.5091
20.2701	10.5091
20.7715	10.5091
21.2881	10.5091
21.8203	10.5091
22.3683	10.5091
22.9322	10.5091
23.5124	10.5091
24.109	10.5091
24.7224	10.5091
25.3526	10.5091

0	10.5166
0.548385	10.5166
1.07267	10.5166
1.57339	10.5166
2.0511	10.5166
2.50632	10.5166
2.93961	10.5166
3.35151	10.5166
3.74256	10.5166
4.11329	10.5166
4.46426	10.5166
4.796	10.5166
5.10905	10.5166
5.40396	10.5166
5.68127	10.5166
5.94152	10.5166
6.18524	10.5166
6.41299	10.5166
6.6253	10.5166
6.82272	10.5166
7.00579	10.5166
7.17504	10.5166
7.33103	10.5166
7.47429	10.5166
7.60536	10.5166
7.72478	10.5166
7.83311	10.5166
7.93087	10.5166
8.01861	10.5166
8.09687	10.5166
8.1662	10.5166
8.22713	10.5166
8.28021	10.5166
8.32598	10.5166
8.36497	10.5166
8.39774	10.5166
8.42482	10.5166
8.44676	10.5166
8.46409	10.5166
8.47736	10.5166
8.48711	10.5166
8.49388	10.5166
8.49821	10.5166
8.50065	10.5166
8.50173	10.5166
8.502	10.5166
8.50664	10.5166
8.52001	10.5166
8.54133	10.5166
8.56986	10.5166
8.60483	10.5166
8.64549	10.5166
8.69107	10.5166
8.74083	10.5166
8.79399	10.5166
8.84981	10.5166
8.90753	10.5166
8.96638	10.5166
9.02562	10.5166
9.08447	10.5166
9.14219	10.5166
9.19801	10.5166
9.25117	10.5166
9.30093	10.5166
9.34651	10.5166
9.38717	10.5166
9.42214	10.5166
9.45067	10.5166
9.47199	10.5166
9.48536	10.5166
9.49	10.5166
9.49012	10.5166
9.49058	10.5166
9.49161	10.5166
9.49345	10.5166
9.49633	10.5166
9.50047	10.5166
9.50611	10.5166
9.51348	10.5166
9.5228	10.5166
9.53431	10.5166
9.54824	10.5166
9.56481	10.5166
9.58426	10.5166
9.60682	10.5166
9.63271	10.5166
9.66218	10.5166
9.69544	10.5166
9.73273	10.5166
9.77428	10.5166
9.82032	10.5166
9.87107	10.5166
9.92678	10.5166
9.98766	10.5166
10.054	10.5166
10.1259	10.5166
10.2037	10.5166
10.2876	10.5166
10.3778	10.5166
10.4746	10.5166
10.5782	10.5166
10.6888	10.5166
10.8067	10.5166
10.932	10.5166
11.065	10.5166
11.206	10.5166
11.3552	10.5166
11.5127	10.5166
11.6789	10.5166
11.854	10.5166
12.0381	10.5166
12.2316	10.5166
12.4346	10.5166
12.6474	10.5166
12.8703	10.5166
13.1033	10.5166
13.3469	10.5166
13.6011	10.5166
13.8663	10.5166
14.1426	10.5166
14.4303	10.5166
14.7297	10.5166
15.0409	10.5166
15.3642	10.5166
15.6998	10.5166
16.048	10.5166
16.4089	10.5166
16.7828	10.5166
17.17	10.5166
17.5706	10.5166
17.985	10.5166
18.4132	10.5166
18.8556	10.5166
19.3124	10.5166
19.7839	10.5166
20.2701	10.5166
20.7715	10.5166
21.2881	10.5166
21.8203	10.5166
22.3683	10.5166
22.9322	10.5166
23.5124	10.5166
24.109	10.5166
24.7224	10.5166
25.3526	10.5166

0	10.5275
0.548385	10.5275
1.07267	10.5275
1.57339	10.5275
2.0511	10.5275
2.50632	10.5275
2.93961	10.5275
3.35151	10.5275
3.74256	10.5275
4.11329	10.5275
4.46426	10.5275
4.796	10.5275
5.10905	10.5275
5.40396	10.5275
5.68127	10.5275
5.94152	10.5275
6.18524	10.5275
6.41299	10.5275
6.6253	10.5275
6.82272	10.5275
7.00579	10.5275
7.17504	10.5275
7.33103	10.5275
7.47429	10.5275
7.60536	10.5275
7.72478	10.5275
7.83311	10.5275
7.93087	10.5275
8.01861	10.5275
8.09687	10.5275
8.1662	10.5275
8.22713	10.5275
8.28021	10.5275
8.32598	10.5275
8.36497	10.5275
8.39774	10.5275
8.42482	10.5275
8.44676	10.5275
8.46409	10.5275
8.47736	10.5275
8.48711	10.5275
8.49388	10.5275
8.49821	10.5275
8.50065	10.5275
8.50173	10.5275
8.502	10.5275
8.50664	10.5275
8.52001	10.5275
8.54133	10.5275
8.56986	10.5275
8.60483	10.5275
8.64549	10.5275
8.69107	10.5275
8.74083	10.5275
8.79399	10.5275
8.84981	10.5275
8.90753	10.5275
8.96638	10.5275
9.02562	10.5275
9.08447	10.5275
9.14219	10.5275
9.19801	10.5275
9.25117	10.5275
9.30093	10.5275
9.34651	10.5275
9.38717	10.5275
9.42214	10.5275
9.45067	10.5275
9.47199	10.5275
9.48536	10.5275
9.49	10.5275
9.49012	10.5275
9.49058	10.5275
9.49161	10.5275
9.49345	10.5275
9.49633	10.5275
9.50047	10.5275
9.50611	10.5275
9.51348	10.5275
9.5228	10.5275
9.53431	10.5275
9.54824	10.5275
9.56481	10.5275
9.58426	10.5275
9.60682	10.5275
9.63271	10.5275
9.66218	10.5275
9.69544	10.5275
9.73273	10.5275
9.77428	10.5275
9.82032	10.5275
9.87107	10.5275
9.92678	10.5275
9.98766	10.5275
10.054	10.5275
10.1259	10.5275
10.2037	10.5275
10.2876	10.5275
10.3778	10.5275
10.4746	10.5275
10.5782	10.5275
10.6888	10.5275
10.8067	10.5275
10.932	10.5275
11.065	10.5275
11.206	10.5275
11.3552	10.5275
11.5127	10.5275
11.6789	10.5275
11.854	10.5275
12.0381	10.5275
12.2316	10.5275
12.4346	10.5275
12.6474	10.5275
12.8703	10.5275
13.1033	10.5275
13.3469	10.5275
13.6011	10.5275
13.8663	10.5275
14.1426	10.5275
14.4303	10.5275
14.7297	10.5275
15.0409	10.5275
15.3642	10.5275
15.6998	10.5275
16.048	10.5275
16.4089	10.5275
16.7828	10.5275
17.17	10.5275
17.5706	10.5275
17.985	10.5275
18.4132	10.5275
18.8556	10.5275
19.3124	10.5275
19.7839	10.5275
20.2701	10.5275
20.7715	10.5275
21.2881	10.5275
21.8203	10.5275
22.3683	10.5275
22.9322	10.5275
23.5124	10.5275
24.109	10.5275
24.7224	10.5275
25.3526	10.5275

0	10.5424
0.548385	10.5424
1.07267	10.5424
1.57339	10.5424
2.0511	10.5424
2.50632	10.5424
2.93961	10.5424
3.35151	10.5424
3.74256	10.5424
4.11329	10.5424
4.46426	10.5424
4.796	10.5424
5.10905	10.5424
5.40396	10.5424
5.68127	10.5424
5.94152	10.5424
6.18524	10.5424
6.41299	10.5424
6.6253	10.5424
6.82272	10.5424
7.00579	10.5424
7.17504	10.5424
7.33103	10.5424
7.47429	10.5424
7.60536	10.5424
7.72478	10.5424
7.83311	10.5424
7.93087	10.5424
8.01861	10.5424
8.09687	10.5424
8.1662	10.5424
8.22713	10.5424
8.28021	10.5424
8.32598	10.5424
8.36497	10.5424
8.39774	10.5424
8.42482	10.5424
8.44676	10.5424
8.46409	10.5424
8.47736	10.5424
8.48711	10.5424
8.49388	10.5424
8.49821	10.5424
8.50065	10.5424
8.50173	10.5424
8.502	10.5424
8.50664	10.5424
8.52001	10.5424
8.54133	10.5424
8.56986	10.5424
8.60483	10.5424
8.64549	10.5424
8.69107	10.5424
8.74083	10.5424
8.79399	10.5424
8.84981	10.5424
8.90753	10.5424
8.96638	10.5424
9.02562	10.5424
9.08447	10.5424
9.14219	10.5424
9.19801	10.5424
9.25117	10.5424
9.30093	10.5424
9.34651	10.5424
9.38717	10.5424
9.42214	10.5424
9.45067	10.5424
9.47199	10.5424
9.48536	10.5424
9.49	10.5424
9.49012	10.5424
9.49058	10.5424
9.49161	10.5424
9.49345	10.5424
9.49633	10.5424
9.50047	10.5424
9.50611	10.5424
9.51348	10.5424
9.5228	10.5424
9.53431	10.5424
9.54824	10.5424
9.56481	10.5424
9.58426	10.5424
9.60682	10.5424
9.63271	10.5424
9.66218	10.5424
9.69544	10.5424
9.73273	10.5424
9.77428	10.5424
9.82032	10.5424
9.87107	10.5424
9.92678	10.5424
9.98766	10.5424
10.054	10.5424
10.1259	10.5424
10.2037	10.5424
10.2876	10.5424
10.3778	10.5424
10.4746	10.5424
10.5782	10.5424
10.6888	10.5424
10.8067	10.5424
10.932	10.5424
11.065	10.5424
11.206	10.5424
11.3552	10.5424
11.5127	10.5424
11.6789	10.5424
11.854	10.5424
12.0381	10.5424
12.2316	10.5424
12.4346	10.5424
12.6474	10.5424
12.8703	10.5424
13.1033	10.5424
13.3469	10.5424
13.6011	10.5424
13.8663	10.5424
14.1426	10.5424
14.4303	10.5424
14.7297	10.5424
15.0409	10.5424
15.3642	10.5424
15.6998	10.5424
16.048	10.5424
16.4089	10.5424
16.7828	10.5424
17.17	10.5424
17.5706	10.5424
17.985	10.5424
18.4132	10.5424
18.8556	10.5424
19.3124	10.5424
19.7839	10.5424
20.2701	10.5424
20.7715	10.5424
21.2881	10.5424
21.8203	10.5424
22.3683	10.5424
22.9322	10.5424
23.5124	10.5424
24.109	10.5424
24.7224	10.5424
25.3526	10.5424

0	10.5617
0.548385	10.5617
1.07267	10.5617
1.57339	10.5617
2.0511	10.5617
2.50632	10.5617
2.93961	10.5617
3.35151	10.5617
3.74256	10.5617
4.11329	10.5617
4.46426	10.5617
4.796	10.5617
5.10905	10.5617
5.40396	10.5617
5.68127	10.5617
5.94152	10.5617
6.18524	10.5617
6.41299	10.5617
6.6253	10.5617
6.82272	10.5617
7.00579	10.5617
7.17504	10.5617
7.33103	10.5617
7.47429	10.5617
7.60536	10.5617
7.72478	10.5617
7.83311	10.5617
7.93087	10.5617
8.01861	10.5617
8.09687	10.5617
8.1662	10.5617
8.22713	10.5617
8.28021	10.5617
8.32598	10.5617
8.36497	10.5617
8.39774	10.5617
8.42482	10.5617
8.44676	10.5617
8.46409	10.5617
8.47736	10.5617
8.48711	10.5617
8.49388	10.5617
8.49821	10.5617
8.50065	10.5617
8.50173	10.5617
8.502	10.5617
8.50664	10.5617
8.52001	10.5617
8.54133	10.5617
8.56986	10.5617
8.60483	10.5617
8.64549	10.5617
8.69107	10.5617
8.74083	10.5617
8.79399	10.5617
8.84981	10.5617
8.90753	10.5617
8.96638	10.5617
9.02562	10.5617
9.08447	10.5617
9.14219	10.5617
9.19801	10.5617
9.25117	10.5617
9.30093	10.5617
9.34651	10.5617
9.38717	10.5617
9.42214	10.5617
9.45067	10.5617
9.47199	10.5617
9.48536	10.5617
9.49	10.5617
9.49012	10.5617
9.49058	10.5617
9.49161	10.5617
9.49345	10.5617
9.49633	10.5617
9.50047	10.5617
9.50611	10.5617
9.51348	10.5617
9.5228	10.5617
9.53431	10.5617
9.54824	10.5617
9.56481	10.5617
9.58426	10.5617
9.60682	10.5617
9.63271	10.5617
9.66218	10.5617
9.69544	10.5617
9.73273	10.5617
9.77428	10.5617
9.82032	10.5617
9.87107	10.5617
9.92678	10.5617
9.98766	10.5617
10.054	10.5617
10.1259	10.5617
10.2037	10.5617
10.2876	10.5617
10.3778	10.5617
10.4746	10.5617
10.5782	10.5617
10.6888	10.5617
10.8067	10.5617
10.932	10.5617
11.065	10.5617
11.206	10.5617
11.3552	10.5617
11.5127	10.5617
11.6789	10.5617
11.854	10.5617
12.0381	10.5617
12.2316	10.5617
12.4346	10.5617
12.6474	10.5617
12.8703	10.5617
13.1033	10.5617
13.3469	10.5617
13.6011	10.5617
13.8663	10.5617
14.1426	10.5617
14.4303	10.5617
14.7297	10.5617
15.0409	10.5617
15.3642	10.5617
15.6998	10.5617
16.048	10.5617
16.4089	10.5617
16.7828	10.5617
17.17	10.5617
17.5706	10.5617
17.985	10.5617
18.4132	10.5617
18.8556	10.5617
19.3124	10.5617
19.7839	10.5617
20.2701	10.5617
20.7715	10.5617
21.2881	10.5617
21.8203	10.5617
22.3683	10.5617
22.9322	10.5617
23.5124	10.5617
24.109	10.5617
24.7224	10.5617
25.3526	10.5617

0	10.5862
0.548385	10.5862
1.07267	10.5862
1.57339	10.5862
2.0511	10.5862
2.50632	10.5862
2.93961	10.5862
3.35151	10.5862
3.74256	10.5862
4.11329	10.5862
4.46426	10.5862
4.796	10.5862
5.10905	10.5862
5.40396	10.5862
5.68127	10.5862
5.94152	10.5862
6.18524	10.5862
6.41299	10.5862
6.6253	10.5862
6.82272	10.5862
7.00579	10.5862
7.17504	10.5862
7.33103	10.5862
7.47429	10.5862
7.60536	10.5862
7.72478	10.5862
7.83311	10.5862
7.93087	10.5862
8.01861	10.5862
8.09687	10.5862
8.1662	10.5862
8.22713	10.5862
8.28021	10.5862
8.32598	10.5862
8.36497	10.5862
8.39774	10.5862
8.42482	10.5862
8.44676	10.5862
8.46409	10.5862
8.47736	10.5862
8.48711	10.5862
8.49388	10.5862
8.49821	10.5862
8.50065	10.5862
8.50173	10.5862
8.502	10.5862
8.50664	10.5862
8.52001	10.5862
8.54133	10.5862
8.56986	10.5862
8.60483	10.5862
8.64549	10.5862
8.69107	10.5862
8.74083	10.5862
8.79399	10.5862
8.84981	10.5862
8.90753	10.5862
8.96638	10.5862
9.02562	10.5862
9.08447	10.5862
9.14219	10.5862
9.19801	10.5862
9.25117	10.5862
9.30093	10.5862
9.34651	10.5862
9.38717	10.5862
9.42214	10.5862
9.45067	10.5862
9.47199	10.5862
9.48536	10.5862
9.49	10.5862
9.49012	10.5862
9.49058	10.5862
9.49161	10.5862
9.49345	10.5862
9.49633	10.5862
9.50047	10.5862
9.50611	10.5862
9.51348	10.5862
9.5228	10.5862
9.53431	10.5862
9.54824	10.5862
9.56481	10.5862
9.58426	10.5862
9.60682	10.5862
9.63271	10.5862
9.66218	10.5862
9.69544	10.5862
9.73273	10.5862
9.77428	10.5862
9.82032	10.5862
9.87107	10.5862
9.92678	10.5862
9.98766	10.5862
10.054	10.5862
10.1259	10.5862
10.2037	10.5862
10.2876	10.5862
10.3778	10.5862
10.4746	10.5862
10.5782	10.5862
10.6888	10.5862
10.8067	10.5862
10.932	10.5862
11.065	10.5862
11.206	10.5862
11.3552	10.5862
11.5127	10.5862
11.6789	10.5862
11.854	10.5862
12.0381	10.5862
12.2316	10.5862
12.4346	10.5862
12.6474	10.5862
12.8703	10.5862
13.1033	10.5862
13.3469	10.5862
13.6011	10.5862
13.8663	10.5862
14.1426	10.5862
14.4303	10.5862
14.7297	10.5862
15.0409	10.5862
15.3642	10.5862
15.6998	10.5862
16.048	10.5862
16.4089	10.5862
16.7828	10.5862
17.17	10.5862
17.5706	10.5862
17.985	10.5862
18.4132	10.5862
18.8556	10.5862
19.3124	10.5862
19.7839	10.5862
20.2701	10.5862
20.7715	10.5862
21.2881	10.5862
21.8203	10.5862
22.3683	10.5862
22.9322	10.5862
23.5124	10.5862
24.109	10.5862
24.7224	10.5862
25.3526	10.5862

0	10.6165
0.548385	10.6165
1.07267	10.6165
1.57339	10.6165
2.0511	10.6165
2.50632	10.6165
2.93961	10.6165
3.35151	10.6165
3.74256	10.6165
4.11329	10.6165
4.46426	10.6165
4.796	10.6165
5.10905	10.6165
5.40396	10.6165
5.68127	10.6165
5.94152	10.6165
6.18524	10.6165
6.41299	10.6165
6.6253	10.6165
6.82272	10.6165
7.00579	10.6165
7.17504	10.6165
7.33103	10.6165
7.47429	10.6165
7.60536	10.6165
7.72478	10.6165
7.83311	10.6165
7.93087	10.6165
8.01861	10.6165
8.09687	10.6165
8.1662	10.6165
8.22713	10.6165
8.28021	10.6165
8.32598	10.6165
8.36497	10.6165
8.39774	10.6165
8.42482	10.6165
8.44676	10.6165
8.46409	10.6165
8.47736	10.6165
8.48711	10.6165
8.49388	10.6165
8.49821	10.6165
8.50065	10.6165
8.50173	10.6165
8.502	10.6165
8.50664	10.6165
8.52001	10.6165
8.54133	10.6165
8.56986	10.6165
8.60483	10.6165
8.64549	10.6165
8.69107	10.6165
8.74083	10.6165
8.79399	10.6165
8.84981	10.6165
8.90753	10.6165
8.96638	10.6165
9.02562	10.6165
9.08447	10.6165
9.14219	10.6165
9.19801	10.6165
9.25117	10.6165
9.30093	10.6165
9.34651	10.6165
9.38717	10.6165
9.42214	10.6165
9.45067	10.6165
9.47199	10.6165
9.48536	10.6165
9.49	10.6165
9.49012	10.6165
9.49058	10.6165
9.49161	10.6165
9.49345	10.6165
9.49633	10.6165
9.50047	10.6165
9.50611	10.6165
9.51348	10.6165
9.5228	10.6165
9.53431	10.6165
9.54824	10.6165
9.56481	10.6165
9.58426	10.6165
9.60682	10.6165
9.63271	10.6165
9.66218	10.6165
9.69544	10.6165
9.73273	10.6165
9.77428	10.6165
9.82032	10.6165
9.87107	10.6165
9.92678	10.6165
9.98766	10.6165
10.054	10.6165
10.1259	10.6165
10.2037	10.6165
10.2876	10.6165
10.3778	10.6165
10.4746	10.6165
10.5782	10.6165
10.6888	10.6165
10.8067	10.6165
10.932	10.6165
11.065	10.6165
11.206	10.6165
11.3552	10.6165
11.5127	10.6165
11.6789	10.6165
11.854	10.6165
12.0381	10.6165
12.2316	10.6165
12.4346	10.6165
12.6474	10.6165
12.8703	10.6165
13.1033	10.6165
13.3469	10.6165
13.6011	10.6165
13.8663	10.6165
14.1426	10.6165
14.4303	10.6165
14.7297	10.6165
15.0409	10.6165
15.3642	10.6165
15.6998	10.6165
16.048	10.6165
16.4089	10.6165
16.7828	10.6165
17.17	10.6165
17.5706	10.6165
17.985	10.6165
18.4132	10.6165
18.8556	10.6165
19.3124	10.6165
19.7839	10.6165
20.2701	10.6165
20.7715	10.6165
21.2881	10.6165
21.8203	10.6165
22.3683	10.6165
22.9322	10.6165
23.5124	10.6165
24.109	10.6165
24.7224	10.6165
25.3526	10.6165

0	10.6531
0.548385	10.6531
1.07267	10.6531
1.57339	10.6531
2.0511	10.6531
2.50632	10.6531
2.93961	10.6531
3.35151	10.6531
3.74256	10.6531
4.11329	10.6531
4.46426	10.6531
4.796	10.6531
5.10905	10.6531
5.40396	10.6531
5.68127	10.6531
5.94152	10.6531
6.18524	10.6531
6.41299	10.6531
6.6253	10.6531
6.82272	10.6531
7.00579	10.6531
7.17504	10.6531
7.33103	10.6531
7.47429	10.6531
7.60536	10.6531
7.72478	10.6531
7.83311	10.6531
7.93087	10.6531
8.01861	10.6531
8.09687	10.6531
8.1662	10.6531
8.22713	10.6531
8.28021	10.6531
8.32598	10.6531
8.36497	10.6531
8.39774	10.6531
8.42482	10.6531
8.44676	10.6531
8.46409	10.6531
8.47736	10.6531
8.48711	10.6531
8.49388	10.6531
8.49821	10.6531
8.50065	10.6531
8.50173	10.6531
8.502	10.6531
8.50664	10.6531
8.52001	10.6531
8.54133	10.6531
8.56986	10.6531
8.60483	10.6531
8.64549	10.6531
8.69107	10.6531
8.74083	10.6531
8.79399	10.6531
8.84981	10.6531
8.90753	10.6531
8.96638	10.6531
9.02562	10.6531
9.08447	10.6531
9.14219	10.6531
9.19801	10.6531
9.25117	10.6531
9.30093	10.6531
9.34651	10.6531
9.38717	10.6531
9.42214	10.6531
9.45067	10.6531
9.47199	10.6531
9.48536	10.6531
9.49	10.6531
9.49012	10.6531
9.49058	10.6531
9.49161	10.6531
9.49345	10.6531
9.49633	10.6531
9.50047	10.6531
9.50611	10.6531
9.51348	10.6531
9.5228	10.6531
9.53431	10.6531
9.54824	10.6531
9.56481	10.6531
9.58426	10.6531
9.60682	10.6531
9.63271	10.6531
9.66218	10.6531
9.69544	10.6531
9.73273	10.6531
9.77428	10.6531
9.82032	10.6531
9.87107	10.6531
9.92678	10.6531
9.98766	10.6531
10.054	10.6531
10.1259	10.6531
10.2037	10.6531
10.2876	10.6531
10.3778	10.6531
10.4746	10.6531
10.5782	10.6531
10.6888	10.6531
10.8067	10.6531
10.932	10.6531
11.065	10.6531
11.206	10.6531
11.3552	10.6531
11.5127	10.6531
11.6789	10.6531
11.854	10.6531
12.0381	10.6531
12.2316	10.6531
12.4346	10.6531
12.6474	10.6531
12.8703	10.6531
13.1033	10.6531
13.3469	10.6531
13.6011	10.6531
13.8663	10.6531
14.1426	10.6531
14.4303	10.6531
14.7297	10.6531
15.0409	10.6531
15.3642	10.6531
15.6998	10.6531
16.048	10.6531
16.4089	10.6531
16.7828	10.6531
17.17	10.6531
17.5706	10.6531
17.985	10.6531
18.4132	10.6531
18.8556	10.6531
19.3124	10.6531
19.7839	10.6531
20.2701	10.6531
20.7715	10.6531
21.2881	10.6531
21.8203	10.6531
22.3683	10.6531
22.9322	10.6531
23.5124	10.6531
24.109	10.6531
24.7224	10.6531
25.3526	10.6531

0	10.6967
0.548385	10.6967
1.07267	10.6967
1.57339	10.6967
2.0511	10.6967
2.50632	10.6967
2.93961	10.6967
3.35151	10.6967
3.74256	10.6967
4.11329	10.6967
4.46426	10.6967
4.796	10.6967
5.10905	10.6967
5.40396	10.6967
5.68127	10.6967
5.94152	10.6967
6.18524	10.6967
6.41299	10.6967
6.6253	10.6967
6.82272	10.6967
7.00579	10.6967
7.17504	10.6967
7.33103	10.6967
7.47429	10.6967
7.60536	10.6967
7.72478	10.6967
7.83311	10.6967
7.93087	10.6967
8.01861	10.6967
8.09687	10.6967
8.1662	10.6967
8.22713	10.6967
8.28021	10.6967
8.32598	10.6967
8.36497	10.6967
8.39774	10.6967
8.42482	10.6967
8.44676	10.6967
8.46409	10.6967
8.47736	10.6967
8.48711	10.6967
8.49388	10.6967
8.49821	10.6967
8.50065	10.6967
8.50173	10.6967
8.502	10.6967
8.50664	10.6967
8.52001	10.6967
8.54133	10.6967
8.56986	10.6967
8.60483	10.6967
8.64549	10.6967
8.69107	10.6967
8.74083	10.6967
8.79399	10.6967
8.84981	10.6967
8.90753	10.6967
8.96638	10.6967
9.02562	10.6967
9.08447	10.6967
9.14219	10.6967
9.19801	10.6967
9.25117	10.6967
9.30093	10.6967
9.34651	10.6967
9.38717	10.6967
9.42214	10.6967
9.45067	10.6967
9.47199	10.6967
9.48536	10.6967
9.49	10.6967
9.49012	10.6967
9.49058	10.6967
9.49161	10.6967
9.49345	10.6967
9.49633	10.6967
9.50047	10.6967
9.50611	10.6967
9.51348	10.6967
9.5228	10.6967
9.53431	10.6967
9.54824	10.6967
9.56481	10.6967
9.58426	10.6967
9.60682	10.6967
9.63271	10.6967
9.66218	10.6967
9.69544	10.6967
9.73273	10.6967
9.77428	10.6967
9.82032	10.6967
9.87107	10.6967
9.92678	10.6967
9.98766	10.6967
10.054	10.6967
10.1259	10.6967
10.2037	10.6967
10.2876	10.6967
10.3778	10.6967
10.4746	10.6967
10.5782	10.6967
10.6888	10.6967
10.8067	10.6967
10.932	10.6967
11.065	10.6967
11.206	10.6967
11.3552	10.6967
11.5127	10.6967
11.6789	10.6967
11.854	10.6967
12.0381	10.6967
12.2316	10.6967
12.4346	10.6967
12.6474	10.6967
12.8703	10.6967
13.1033	10.6967
13.3469	10.6967
13.6011	10.6967
13.8663	10.6967
14.1426	10.6967
14.4303	10.6967
14.7297	10.6967
15.0409	10.6967
15.3642	10.6967
15.6998	10.6967
16.048	10.6967
16.4089	10.6967
16.7828	10.6967
17.17	10.6967
17.5706	10.6967
17.985	10.6967
18.4132	10.6967
18.8556	10.6967
19.3124	10.6967
19.7839	10.6967
20.2701	10.6967
20.7715	10.6967
21.2881	10.6967
21.8203	10.6967
22.3683	10.6967
22.9322	10.6967
23.5124	10.6967
24.109	10.6967
24.7224	10.6967
25.3526	10.6967

0	10.7478
0.548385	10.7478
1.07267	10.7478
1.57339	10.7478
2.0511	10.7478
2.50632	10.7478
2.93961	10.7478
3.35151	10.7478
3.74256	10.7478
4.11329	10.7478
4.46426	10.7478
4.796	10.7478
5.10905	10.7478
5.40396	10.7478
5.68127	10.7478
5.94152	10.7478
6.18524	10.7478
6.41299	10.7478
6.6253	10.7478
6.82272	10.7478
7.00579	10.7478
7.17504	10.7478
7.33103	10.7478
7.47429	10.7478
7.60536	10.7478
7.72478	10.7478
7.83311	10.7478
7.93087	10.7478
8.01861	10.7478
8.09687	10.7478
8.1662	10.7478
8.22713	10.7478
8.28021	10.7478
8.32598	10.7478
8.36497	10.7478
8.39774	10.7478
8.42482	10.7478
8.44676	10.7478
8.46409	10.7478
8.47736	10.7478
8.48711	10.7478
8.49388	10.7478
8.49821	10.7478
8.50065	10.7478
8.50173	10.7478
8.502	10.7478
8.50664	10.7478
8.52001	10.7478
8.54133	10.7478
8.56986	10.7478
8.60483	10.7478
8.64549	10.7478
8.69107	10.7478
8.74083	10.7478
8.79399	10.7478
8.84981	10.7478
8.90753	10.7478
8.96638	10.7478
9.02562	10.7478
9.08447	10.7478
9.14219	10.7478
9.19801	10.7478
9.25117	10.7478
9.30093	10.7478
9.34651	10.7478
9.38717	10.7478
9.42214	10.7478
9.45067	10.7478
9.47199	10.7478
9.48536	10.7478
9.49	10.7478
9.49012	10.7478
9.49058	10.7478
9.49161	10.7478
9.49345	10.7478
9.49633	10.7478
9.50047	10.7478
9.50611	10.7478
9.51348	10.7478
9.5228	10.7478
9.53431	10.7478
9.54824	10.7478
9.56481	10.7478
9.58426	10.7478
9.60682	10.7478
9.63271	10.7478
9.66218	10.7478
9.69544	10.7478
9.73273	10.7478
9.77428	10.7478
9.82032	10.7478
9.87107	10.7478
9.92678	10.7478
9.98766	10.7478
10.054	10.7478
10.1259	10.7478
10.2037	10.7478
10.2876	10.7478
10.3778	10.7478
10.4746	10.7478
10.5782	10.7478
10.6888	10.7478
10.8067	10.7478
10.932	10.7478
11.065	10.7478
11.206	10.7478
11.3552	10.7478
11.5127	10.7478
11.6789	10.7478
11.854	10.7478
12.0381	10.7478
12.2316	10.7478
12.4346	10.7478
12.6474	10.7478
12.8703	10.7478
13.1033	10.7478
13.3469	10.7478
13.6011	10.7478
13.8663	10.7478
14.1426	10.7478
14.4303	10.7478
14.7297	10.7478
15.0409	10.7478
15.3642	10.7478
15.6998	10.7478
16.048	10.7478
16.4089	10.7478
16.7828	10.7478
17.17	10.7478
17.5706	10.7478
17.985	10.7478
18.4132	10.7478
18.8556	10.7478
19.3124	10.7478
19.7839	10.7478
20.2701	10.7478
20.7715	10.7478
21.2881	10.7478
21.8203	10.7478
22.3683	10.7478
22.9322	10.7478
23.5124	10.7478
24.109	10.7478
24.7224	10.7478
25.3526	10.7478

0	10.8071
0.548385	10.8071
1.07267	10.8071
1.57339	10.8071
2.0511	10.8071
2.50632	10.8071
2.93961	10.8071
3.35151	10.8071
3.74256	10.8071
4.11329	10.8071
4.46426	10.8071
4.796	10.8071
5.10905	10.8071
5.40396	10.8071
5.68127	10.8071
5.94152	10.8071
6.18524	10.8071
6.41299	10.8071
6.6253	10.8071
6.82272	10.8071
7.00579	10.8071
7.17504	10.8071
7.33103	10.8071
7.47429	10.8071
7.60536	10.8071
7.72478	10.8071
7.83311	10.8071
7.93087	10.8071
8.01861	10.8071
8.09687	10.8071
8.1662	10.8071
8.22713	10.8071
8.28021	10.8071
8.32598	10.8071
8.36497	10.8071
8.39774	10.8071
8.42482	10.8071
8.44676	10.8071
8.46409	10.8071
8.47736	10.8071
8.48711	10.8071
8.49388	10.8071
8.49821	10.8071
8.50065	10.8071
8.50173	10.8071
8.502	10.8071
8.50664	10.8071
8.52001	10.8071
8.54133	10.8071
8.56986	10.8071
8.60483	10.8071
8.64549	10.8071
8.69107	10.8071
8.74083	10.8071
8.79399	10.8071
8.84981	10.8071
8.90753	10.8071
8.96638	10.8071
9.02562	10.8071
9.08447	10.8071
9.14219	10.8071
9.19801	10.8071
9.25117	10.8071
9.30093	10.8071
9.34651	10.8071
9.38717	10.8071
9.42214	10.8071
9.45067	10.8071
9.47199	10.8071
9.48536	10.8071
9.49	10.8071
9.49012	10.8071
9.49058	10.8071
9.49161	10.8071
9.49345	10.8071
9.49633	10.8071
9.50047	10.8071
9.50611	10.8071
9.51348	10.8071
9.5228	10.8071
9.53431	10.8071
9.54824	10.8071
9.56481	10.8071
9.58426	10.8071
9.60682	10.8071
9.63271	10.8071
9.66218	10.8071
9.69544	10.8071
9.73273	10.8071
9.77428	10.8071
9.82032	10.8071
9.87107	10.8071
9.92678	10.8071
9.98766	10.8071
10.054	10.8071
10.1259	10.8071
10.2037	10.8071
10.2876	10.8071
10.3778	10.8071
10.4746	10.8071
10.5782	10.8071
10.6888	10.8071
10.8067	10.8071
10.932	10.8071
11.065	10.8071
11.206	10.8071
11.3552	10.8071
11.5127	10.8071
11.6789	10.8071
11.854	10.8071
12.0381	10.8071
12.2316	10.8071
12.4346	10.8071
12.6474	10.8071
12.8703	10.8071
13.1033	10.8071
13.3469	10.8071
13.6011	10.8071
13.8663	10.8071
14.1426	10.8071
14.4303	10.8071
14.7297	10.8071
15.0409	10.8071
15.3642	10.8071
15.6998	10.8071
16.048	10.8071
16.4089	10.8071
16.7828	10.8071
17.17	10.8071
17.5706	10.8071
17.985	10.8071
18.4132	10.8071
18.8556	10.8071
19.3124	10.8071
19.7839	10.8071
20.2701	10.8071
20.7715	10.8071
21.2881	10.8071
21.8203	10.8071
22.3683	10.8071
22.9322	10.8071
23.5124	10.8071
24.109	10.8071
24.7224	10.8071
25.3526	10.8071

0	10.8752
0.548385	10.8752
1.07267	10.8752
1.57339	10.8752
2.0511	10.8752
2.50632	10.8752
2.93961	10.8752
3.35151	10.8752
3.74256	10.8752
4.11329	10.8752
4.46426	10.8752
4.796	10.8752
5.10905	10.8752
5.40396	10.8752
5.68127	10.8752
5.94152	10.8752
6.18524	10.8752
6.41299	10.8752
6.6253	10.8752
6.82272	10.8752
7.00579	10.8752
7.17504	10.8752
7.33103	10.8752
7.47429	10.8752
7.60536	10.8752
7.72478	10.8752
7.83311	10.8752
7.93087	10.8752
8.01861	10.8752
8.09687	10.8752
8.1662	10.8752
8.22713	10.8752
8.28021	10.8752
8.32598	10.8752
8.36497	10.8752
8.39774	10.8752
8.42482	10.8752
8.44676	10.8752
8.46409	10.8752
8.47736	10.8752
8.48711	10.8752
8.49388	10.8752
8.49821	10.8752
8.50065	10.8752
8.50173	10.8752
8.502	10.8752
8.50664	10.8752
8.52001	10.8752
8.54133	10.8752
8.56986	10.8752
8.60483	10.8752
8.64549	10.8752
8.69107	10.8752
8.74083	10.8752
8.79399	10.8752
8.84981	10.8752
8.90753	10.8752
8.96638	10.8752
9.02562	10.8752
9.08447	10.8752
9.14219	10.8752
9.19801	10.8752
9.25117	10.8752
9.30093	10.8752
9.34651	10.8752
9.38717	10.8752
9.42214	10.8752
9.45067	10.8752
9.47199	10.8752
9.48536	10.8752
9.49	10.8752
9.49012	10.8752
9.49058	10.8752
9.49161	10.8752
9.49345	10.8752
9.49633	10.8752
9.50047	10.8752
9.50611	10.8752
9.51348	10.8752
9.5228	10.8752
9.53431	10.8752
9.54824	10.8752
9.56481	10.8752
9.58426	10.8752
9.60682	10.8752
9.63271	10.8752
9.66218	10.8752
9.69544	10.8752
9.73273	10.8752
9.77428	10.8752
9.82032	10.8752
9.87107	10.8752
9.92678	10.8752
9.98766	10.8752
10.054	10.8752
10.1259	10.8752
10.2037	10.8752
10.2876	10.8752
10.3778	10.8752
10.4746	10.8752
10.5782	10.8752
10.6888	10.8752
10.8067	10.8752
10.932	10.8752
11.065	10.8752
11.206	10.8752
11.3552	10.8752
11.5127	10.8752
11.6789	10.8752
11.854	10.8752
12.0381	10.8752
12.2316	10.8752
12.4346	10.8752
12.6474	10.8752
12.8703	10.8752
13.1033	10.8752
13.3469	10.8752
13.6011	10.8752
13.8663	10.8752
14.1426	10.8752
14.4303	10.8752
14.7297	10.8752
15.0409	10.8752
15.3642	10.8752
15.6998	10.8752
16.048	10.8752
16.4089	10.8752
16.7828	10.8752
17.17	10.8752
17.5706	10.8752
17.985	10.8752
18.4132	10.8752
18.8556	10.8752
19.3124	10.8752
19.7839	10.8752
20.2701	10.8752
20.7715	10.8752
21.2881	10.8752
21.8203	10.8752
22.3683	10.8752
22.9322	10.8752
23.5124	10.8752
24.109	10.8752
24.7224	10.8752
25.3526	10.8752

0	10.9527
0.548385	10.9527
1.07267	10.9527
1.57339	10.9527
2.0511	10.9527
2.50632	10.9527
2.93961	10.9527
3.35151	10.9527
3.74256	10.9527
4.11329	10.9527
4.46426	10.9527
4.796	10.9527
5.10905	10.9527
5.40396	10.9527
5.68127	10.9527
5.94152	10.9527
6.18524	10.9527
6.41299	10.9527
6.6253	10.9527
6.82272	10.9527
7.00579	10.9527
7.17504	10.9527
7.33103	10.9527
7.47429	10.9527
7.60536	10.9527
7.72478	10.9527
7.83311	10.9527
7.93087	10.9527
8.01861	10.9527
8.09687	10.9527
8.1662	10.9527
8.22713	10.9527
8.28021	10.9527
8.32598	10.9527
8.36497	10.9527
8.39774	10.9527
8.42482	10.9527
8.44676	10.9527
8.46409	10.9527
8.47736	10.9527
8.48711	10.9527
8.49388	10.9527
8.49821	10.9527
8.50065	10.9527
8.50173	10.9527
8.502	10.9527
8.50664	10.9527
8.52001	10.9527
8.54133	10.9527
8.56986	10.9527
8.60483	10.9527
8.64549	10.9527
8.69107	10.9527
8.74083	10.9527
8.79399	10.9527
8.84981	10.9527
8.90753	10.9527
8.96638	10.9527
9.02562	10.9527
9.08447	10.9527
9.14219	10.9527
9.19801	10.9527
9.25117	10.9527
9.30093	10.9527
9.34651	10.9527
9.38717	10.9527
9.42214	10.9527
9.45067	10.9527
9.47199	10.9527
9.48536	10.9527
9.49	10.9527
9.49012	10.9527
9.49058	10.9527
9.49161	10.9527
9.49345	10.9527
9.49633	10.9527
9.50047	10.9527
9.50611	10.9527
9.51348	10.9527
9.5228	10.9527
9.53431	10.9527
9.54824	10.9527
9.56481	10.9527
9.58426	10.9527
9.60682	10.9527
9.63271	10.9527
9.66218	10.9527
9.69544	10.9527
9.73273	10.9527
9.77428	10.9527
9.82032	10.9527
9.87107	10.9527
9.92678	10.9527
9.98766	10.9527
10.054	10.9527
10.1259	10.9527
10.2037	10.9527
10.2876	10.9527
10.3778	10.9527
10.4746	10.9527
10.5782	10.9527
10.6888	10.9527
10.8067	10.9527
10.932	10.9527
11.065	10.9527
11.206	10.9527
11.3552	10.9527
11.5127	10.9527
11.6789	10.9527
11.854	10.9527
12.0381	10.9527
12.2316	10.9527
12.4346	10.9527
12.6474	10.9527
12.8703	10.9527
13.1033	10.9527
13.3469	10.9527
13.6011	10.9527
13.8663	10.9527
14.1426	10.9527
14.4303	10.9527
14.7297	10.9527
15.0409	10.9527
15.3642	10.9527
15.6998	10.9527
16.048	10.9527
16.4089	10.9527
16.7828	10.9527
17.17	10.9527
17.5706	10.9527
17.985	10.9527
18.4132	10.9527
18.8556	10.9527
19.3124	10.9527
19.7839	10.9527
20.2701	10.9527
20.7715	10.9527
21.2881	10.9527
21.8203	10.9527
22.3683	10.9527
22.9322	10.9527
23.5124	10.9527
24.109	10.9527
24.7224	10.9527
25.3526	10.9527

0	11.0401
0.548385	11.0401
1.07267	11.0401
1.57339	11.0401
2.0511	11.0401
2.50632	11.0401
2.93961	11.0401
3.35151	11.0401
3.74256	11.0401
4.11329	11.0401
4.46426	11.0401
4.796	11.0401
5.10905	11.0401
5.40396	11.0401
5.68127	11.0401
5.94152	11.0401
6.18524	11.0401
6.41299	11.0401
6.6253	11.0401
6.82272	11.0401
7.00579	11.0401
7.17504	11.0401
7.33103	11.0401
7.47429	11.0401
7.60536	11.0401
7.72478	11.0401
7.83311	11.0401
7.93087	11.0401
8.01861	11.0401
8.09687	11.0401
8.1662	11.0401
8.22713	11.0401
8.28021	11.0401
8.32598	11.0401
8.36497	11.0401
8.39774	11.0401
8.42482	11.0401
8.44676	11.0401
8.46409	11.0401
8.47736	11.0401
8.48711	11.0401
8.49388	11.0401
8.49821	11.0401
8.50065	11.0401
8.50173	11.0401
8.502	11.0401
8.50664	11.0401
8.52001	11.0401
8.54133	11.0401
8.56986	11.0401
8.60483	11.0401
8.64549	11.0401
8.69107	11.0401
8.74083	11.0401
8.79399	11.0401
8.84981	11.0401
8.90753	11.0401
8.96638	11.0401
9.02562	11.0401
9.08447	11.0401
9.14219	11.0401
9.19801	11.0401
9.25117	11.0401
9.30093	11.0401
9.34651	11.0401
9.38717	11.0401
9.42214	11.0401
9.45067	11.0401
9.47199	11.0401
9.48536	11.0401
9.49	11.0401
9.49012	11.0401
9.49058	11.0401
9.49161	11.0401
9.49345	11.0401
9.49633	11.0401
9.50047	11.0401
9.50611	11.0401
9.51348	11.0401
9.5228	11.0401
9.53431	11.0401
9.54824	11.0401
9.56481	11.0401
9.58426	11.0401
9.60682	11.0401
9.63271	11.0401
9.66218	11.0401
9.69544	11.0401
9.73273	11.0401
9.77428	11.0401
9.82032	11.0401
9.87107	11.0401
9.92678	11.0401
9.98766	11.0401
10.054	11.0401
10.1259	11.0401
10.2037	11.0401
10.2876	11.0401
10.3778	11.0401
10.4746	11.0401
10.5782	11.0401
10.6888	11.0401
10.8067	11.0401
10.932	11.0401
11.065	11.0401
11.206	11.0401
11.3552	11.0401
11.5127	11.0401
11.6789	11.0401
11.854	11.0401
12.0381	11.0401
12.2316	11.0401
12.4346	11.0401
12.6474	11.0401
12.8703	11.0401
13.1033	11.0401
13.3469	11.0401
13.6011	11.0401
13.8663	11.0401
14.1426	11.0401
14.4303	11.0401
14.7297	11.0401
15.0409	11.0401
15.3642	11.0401
15.6998	11.0401
16.048	11.0401
16.4089	11.0401
16.7828	11.0401
17.17	11.0401
17.5706	11.0401
17.985	11.0401
18.4132	11.0401
18.8556	11.0401
19.3124	11.0401
19.7839	11.0401
20.2701	11.0401
20.7715	11.0401
21.2881	11.0401
21.8203	11.0401
22.3683	11.0401
22.9322	11.0401
23.5124	11.0401
24.109	11.0401
24.7224	11.0401
25.3526	11.0401

0	11.1382
0.548385	11.1382
1.07267	11.1382
1.57339	11.1382
2.0511	11.1382
2.50632	11.1382
2.93961	11.1382
3.35151	11.1382
3.74256	11.1382
4.11329	11.1382
4.46426	11.1382
4.796	11.1382
5.10905	11.1382
5.40396	11.1382
5.68127	11.1382
5.94152	11.1382
6.18524	11.1382
6.41299	11.1382
6.6253	11.1382
6.82272	11.1382
7.00579	11.1382
7.17504	11.1382
7.33103	11.1382
7.47429	11.1382
7.60536	11.1382
7.72478	11.1382
7.83311	11.1382
7.93087	11.1382
8.01861	11.1382
8.09687	11.1382
8.1662	11.1382
8.22713	11.1382
8.28021	11.1382
8.32598	11.1382
8.36497	11.1382
8.39774	11.1382
8.42482	11.1382
8.44676	11.1382
8.46409	11.1382
8.47736	11.1382
8.48711	11.1382
8.49388	11.1382
8.49821	11.1382
8.50065	11.1382
8.50173	11.1382
8.502	11.1382
8.50664	11.1382
8.52001	11.1382
8.54133	11.1382
8.56986	11.1382
8.60483	11.1382
8.64549	11.1382
8.69107	11.1382
8.74083	11.1382
8.79399	11.1382
8.84981	11.1382
8.90753	11.1382
8.96638	11.1382
9.02562	11.1382
9.08447	11.1382
9.14219	11.1382
9.19801	11.1382
9.25117	11.1382
9.30093	11.1382
9.34651	11.1382
9.38717	11.1382
9.42214	11.1382
9.45067	11.1382
9.47199	11.1382
9.48536	11.1382
9.49	11.1382
9.49012	11.1382
9.49058	11.1382
9.49161	11.1382
9.49345	11.1382
9.49633	11.1382
9.50047	11.1382
9.50611	11.1382
9.51348	11.1382
9.5228	11.1382
9.53431	11.1382
9.54824	11.1382
9.56481	11.1382
9.58426	11.1382
9.60682	11.1382
9.63271	11.1382
9.66218	11.1382
9.69544	11.1382
9.73273	11.1382
9.77428	11.1382
9.82032	11.1382
9.87107	11.1382
9.92678	11.1382
9.98766	11.1382
10.054	11.1382
10.1259	11.1382
10.2037	11.1382
10.2876	11.1382
10.3778	11.1382
10.4746	11.1382
10.5782	11.1382
10.6888	11.1382
10.8067	11.1382
10.932	11.1382
11.065	11.1382
11.206	11.1382
11.3552	11.1382
11.5127	11.1382
11.6789	11.1382
11.854	11.1382
12.0381	11.1382
12.2316	11.1382
12.4346	11.1382
12.6474	11.1382
12.8703	11.1382
13.1033	11.1382
13.3469	11.1382
13.6011	11.1382
13.8663	11.1382
14.1426	11.1382
14.4303	11.1382
14.7297	11.1382
15.0409	11.1382
15.3642	11.1382
15.6998	11.1382
16.048	11.1382
16.4089	11.1382
16.7828	11.1382
17.17	11.1382
17.5706	11.1382
17.985	11.1382
18.4132	11.1382
18.8556	11.1382
19.3124	11.1382
19.7839	11.1382
20.2701	11.1382
20.7715	11.1382
21.2881	11.1382
21.8203	11.1382
22.3683	11.1382
22.9322	11.1382
23.5124	11.1382
24.109	11.1382
24.7224	11.1382
25.3526	11.1382

0	11.2474
0.548385	11.2474
1.07267	11.2474
1.57339	11.2474
2.0511	11.2474
2.50632	11.2474
2.93961	11.2474
3.35151	11.2474
3.74256	11.2474
4.11329	11.2474
4.46426	11.2474
4.796	11.2474
5.10905	11.2474
5.40396	11.2474
5.68127	11.2474
5.94152	11.2474
6.18524	11.2474
6.41299	11.2474
6.6253	11.2474
6.82272	11.2474
7.00579	11.2474
7.17504	11.2474
7.33103	11.2474
7.47429	11.2474
7.60536	11.2474
7.72478	11.2474
7.83311	11.2474
7.93087	11.2474
8.01861	11.2474
8.09687	11.2474
8.1662	11.2474
8.22713	11.2474
8.28021	11.2474
8.32598	11.2474
8.36497	11.2474
8.39774	11.2474
8.42482	11.2474
8.44676	11.2474
8.46409	11.2474
8.47736	11.2474
8.48711	11.2474
8.49388	11.2474
8.49821	11.2474
8.50065	11.2474
8.50173	11.2474
8.502	11.2474
8.50664	11.2474
8.52001	11.2474
8.54133	11.2474
8.56986	11.2474
8.60483	11.2474
8.64549	11.2474
8.69107	11.2474
8.74083	11.2474
8.79399	11.2474
8.84981	11.2474
8.90753	11.2474
8.96638	11.2474
9.02562	11.2474
9.08447	11.2474
9.14219	11.2474
9.19801	11.2474
9.25117	11.2474
9.30093	11.2474
9.34651	11.2474
9.38717	11.2474
9.42214	11.2474
9.45067	11.2474
9.47199	11.2474
9.48536	11.2474
9.49	11.2474
9.49012	11.2474
9.49058	11.2474
9.49161	11.2474
9.49345	11.2474
9.49633	11.2474
9.50047	11.2474
9.50611	11.2474
9.51348	11.2474
9.5228	11.2474
9.53431	11.2474
9.54824	11.2474
9.56481	11.2474
9.58426	11.2474
9.60682	11.2474
9.63271	11.2474
9.66218	11.2474
9.69544	11.2474
9.73273	11.2474
9.77428	11.2474
9.82032	11.2474
9.87107	11.2474
9.92678	11.2474
9.98766	11.2474
10.054	11.2474
10.1259	11.2474
10.2037	11.2474
10.2876	11.2474
10.3778	11.2474
10.4746	11.2474
10.5782	11.2474
10.6888	11.2474
10.8067	11.2474
10.932	11.2474
11.065	11.2474
11.206	11.2474
11.3552	11.2474
11.5127	11.2474
11.6789	11.2474
11.854	11.2474
12.0381	11.2474
12.2316	11.2474
12.4346	11.2474
12.6474	11.2474
12.8703	11.2474
13.1033	11.2474
13.3469	11.2474
13.6011	11.2474
13.8663	11.2474
14.1426	11.2474
14.4303	11.2474
14.7297	11.2474
15.0409	11.2474
15.3642	11.2474
15.6998	11.2474
16.048	11.2474
16.4089	11.2474
16.7828	11.2474
17.17	11.2474
17.5706	11.2474
17.985	11.2474
18.4132	11.2474
18.8556	11.2474
19.3124	11.2474
19.7839	11.2474
20.2701	11.2474
20.7715	11.2474
21.2881	11.2474
21.8203	11.2474
22.3683	11.2474
22.9322	11.2474
23.5124	11.2474
24.109	11.2474
24.7224	11.2474
25.3526	11.2474

0	11.3685
0.548385	11.3685
1.07267	11.3685
1.57339	11.3685
2.0511	11.3685
2.50632	11.3685
2.93961	11.3685
3.35151	11.3685
3.74256	11.3685
4.11329	11.3685
4.46426	11.3685
4.796	11.3685
5.10905	11.3685
5.40396	11.3685
5.68127	11.3685
5.94152	11.3685
6.18524	11.3685
6.41299	11.3685
6.6253	11.3685
6.82272	11.3685
7.00579	11.3685
7.17504	11.3685
7.33103	11.3685
7.47429	11.3685
7.60536	11.3685
7.72478	11.3685
7.83311	11.3685
7.93087	11.3685
8.01861	11.3685
8.09687	11.3685
8.1662	11.3685
8.22713	11.3685
8.28021	11.3685
8.32598	11.3685
8.36497	11.3685
8.39774	11.3685
8.42482	11.3685
8.44676	11.3685
8.46409	11.3685
8.47736	11.3685
8.48711	11.3685
8.49388	11.3685
8.49821	11.3685
8.50065	11.3685
8.50173	11.3685
8.502	11.3685
8.50664	11.3685
8.52001	11.3685
8.54133	11.3685
8.56986	11.3685
8.60483	11.3685
8.64549	11.3685
8.69107	11.3685
8.74083	11.3685
8.79399	11.3685
8.84981	11.3685
8.90753	11.3685
8.96638	11.3685
9.02562	11.3685
9.08447	11.3685
9.14219	11.3685
9.19801	11.3685
9.25117	11.3685
9.30093	11.3685
9.34651	11.3685
9.38717	11.3685
9.42214	11.3685
9.45067	11.3685
9.47199	11.3685
9.48536	11.3685
9.49	11.3685
9.49012	11.3685
9.49058	11.3685
9.49161	11.3685
9.49345	11.3685
9.49633	11.3685
9.50047	11.3685
9.50611	11.3685
9.51348	11.3685
9.5228	11.3685
9.53431	11.3685
9.54824	11.3685
9.56481	11.3685
9.58426	11.3685
9.60682	11.3685
9.63271	11.3685
9.66218	11.3685
9.69544	11.3685
9.73273	11.3685
9.77428	11.3685
9.82032	11.3685
9.87107	11.3685
9.92678	11.3685
9.98766	11.3685
10.054	11.3685
10.1259	11.3685
10.2037	11.3685
10.2876	11.3685
10.3778	11.3685
10.4746	11.3685
10.5782	11.3685
10.6888	11.3685
10.8067	11.3685
10.932	11.3685
11.065	11.3685
11.206	11.3685
11.3552	11.3685
11.5127	11.3685
11.6789	11.3685
11.854	11.3685
12.0381	11.3685
12.2316	11.3685
12.4346	11.3685
12.6474	11.3685
12.8703	11.3685
13.1033	11.3685
13.3469	11.3685
13.6011	11.3685
13.8663	11.3685
14.1426	11.3685
14.4303	11.3685
14.7297	11.3685
15.0409	11.3685
15.3642	11.3685
15.6998	11.3685
16.048	11.3685
16.4089	11.3685
16.7828	11.3685
17.17	11.3685
17.5706	11.3685
17.985	11.3685
18.4132	11.3685
18.8556	11.3685
19.3124	11.3685
19.7839	11.3685
20.2701	11.3685
20.7715	11.3685
21.2881	11.3685
21.8203	11.3685
22.3683	11.3685
22.9322	11.3685
23.5124	11.3685
24.109	11.3685
24.7224	11.3685
25.3526	11.3685

0	11.5019
0.548385	11.5019
1.07267	11.5019
1.57339	11.5019
2.0511	11.5019
2.50632	11.5019
2.93961	11.5019
3.35151	11.5019
3.74256	11.5019
4.11329	11.5019
4.46426	11.5019
4.796	11.5019
5.10905	11.5019
5.40396	11.5019
5.68127	11.5019
5.94152	11.5019
6.18524	11.5019
6.41299	11.5019
6.6253	11.5019
6.82272	11.5019
7.00579	11.5019
7.17504	11.5019
7.33103	11.5019
7.47429	11.5019
7.60536	11.5019
7.72478	11.5019
7.83311	11.5019
7.93087	11.5019
8.01861	11.5019
8.09687	11.5019
8.1662	11.5019
8.22713	11.5019
8.28021	11.5019
8.32598	11.5019
8.36497	11.5019
8.39774	11.5019
8.42482	11.5019
8.44676	11.5019
8.46409	11.5019
8.47736	11.5019
8.48711	11.5019
8.49388	11.5019
8.49821	11.5019
8.50065	11.5019
8.50173	11.5019
8.502	11.5019
8.50664	11.5019
8.52001	11.5019
8.54133	11.5019
8.56986	11.5019
8.60483	11.5019
8.64549	11.5019
8.69107	11.5019
8.74083	11.5019
8.79399	11.5019
8.84981	11.5019
8.90753	11.5019
8.96638	11.5019
9.02562	11.5019
9.08447	11.5019
9.14219	11.5019
9.19801	11.5019
9.25117	11.5019
9.30093	11.5019
9.34651	11.5019
9.38717	11.5019
9.42214	11.5019
9.45067	11.5019
9.47199	11.5019
9.48536	11.5019
9.49	11.5019
9.49012	11.5019
9.49058	11.5019
9.49161	11.5019
9.49345	11.5019
9.49633	11.5019
9.50047	11.5019
9.50611	11.5019
9.51348	11.5019
9.5228	11.5019
9.53431	11.5019
9.54824	11.5019
9.56481	11.5019
9.58426	11.5019
9.60682	11.5019
9.63271	11.5019
9.66218	11.5019
9.69544	11.5019
9.73273	11.5019
9.77428	11.5019
9.82032	11.5019
9.87107	11.5019
9.92678	11.5019
9.98766	11.5019
10.054	11.5019
10.1259	11.5019
10.2037	11.5019
10.2876	11.5019
10.3778	11.5019
10.4746	11.5019
10.5782	11.5019
10.6888	11.5019
10.8067	11.5019
10.932	11.5019
11.065	11.5019
11.206	11.5019
11.3552	11.5019
11.5127	11.5019
11.6789	11.5019
11.854	11.5019
12.0381	11.5019
12.2316	11.5019
12.4346	11.5019
12.6474	11.5019
12.8703	11.5019
13.1033	11.5019
13.3469	11.5019
13.6011	11.5019
13.8663	11.5019
14.1426	11.5019
14.4303	11.5019
14.7297	11.5019
15.0409	11.5019
15.3642	11.5019
15.6998	11.5019
16.048	11.5019
16.4089	11.5019
16.7828	11.5019
17.17	11.5019
17.5706	11.5019
17.985	11.5019
18.4132	11.5019
18.8556	11.5019
19.3124	11.5019
19.7839	11.5019
20.2701	11.5019
20.7715	11.5019
21.2881	11.5019
21.8203	11.5019
22.3683	11.5019
22.9322	11.5019
23.5124	11.5019
24.109	11.5019
24.7224	11.5019
25.3526	11.5019

0	11.6484
0.548385	11.6484
1.07267	11.6484
1.57339	11.6484
2.0511	11.6484
2.50632	11.6484
2.93961	11.6484
3.35151	11.6484
3.74256	11.6484
4.11329	11.6484
4.46426	11.6484
4.796	11.6484
5.10905	11.6484
5.40396	11.6484
5.68127	11.6484
5.94152	11.6484
6.18524	11.6484
6.41299	11.6484
6.6253	11.6484
6.82272	11.6484
7.00579	11.6484
7.17504	11.6484
7.33103	11.6484
7.47429	11.6484
7.60536	11.6484
7.72478	11.6484
7.83311	11.6484
7.93087	11.6484
8.01861	11.6484
8.09687	11.6484
8.1662	11.6484
8.22713	11.6484
8.28021	11.6484
8.32598	11.6484
8.36497	11.6484
8.39774	11.6484
8.42482	11.6484
8.44676	11.6484
8.46409	11.6484
8.47736	11.6484
8.48711	11.6484
8.49388	11.6484
8.49821	11.6484
8.50065	11.6484
8.50173	11.6484
8.502	11.6484
8.50664	11.6484
8.52001	11.6484
8.54133	11.6484
8.56986	11.6484
8.60483	11.6484
8.64549	11.6484
8.69107	11.6484
8.74083	11.6484
8.79399	11.6484
8.84981	11.6484
8.90753	11.6484
8.96638	11.6484
9.02562	11.6484
9.08447	11.6484
9.14219	11.6484
9.19801	11.6484
9.25117	11.6484
9.30093	11.6484
9.34651	11.6484
9.38717	11.6484
9.42214	11.6484
9.45067	11.6484
9.47199	11.6484
9.48536	11.6484
9.49	11.6484
9.49012	11.6484
9.49058	11.6484
9.49161	11.6484
9.49345	11.6484
9.49633	11.6484
9.50047	11.6484
9.50611	11.6484
9.51348	11.6484
9.5228	11.6484
9.53431	11.6484
9.54824	11.6484
9.56481	11.6484
9.58426	11.6484
9.60682	11.6484
9.63271	11.6484
9.66218	11.6484
9.69544	11.6484
9.73273	11.6484
9.77428	11.6484
9.82032	11.6484
9.87107	11.6484
9.92678	11.6484
9.98766	11.6484
10.054	11.6484
10.1259	11.6484
10.2037	11.6484
10.2876	11.6484
10.3778	11.6484
10.4746	11.6484
10.5782	11.6484
10.6888	11.6484
10.8067	11.6484
10.932	11.6484
11.065	11.6484
11.206	11.6484
11.3552	11.6484
11.5127	11.6484
11.6789	11.6484
11.854	11.6484
12.0381	11.6484
12.2316	11.6484
12.4346	11.6484
12.6474	11.6484
12.8703	11.6484
13.1033	11.6484
13.3469	11.6484
13.6011	11.6484
13.8663	11.6484
14.1426	11.6484
14.4303	11.6484
14.7297	11.6484
15.0409	11.6484
15.3642	11.6484
15.6998	11.6484
16.048	11.6484
16.4089	11.6484
16.7828	11.6484
17.17	11.6484
17.5706	11.6484
17.985	11.6484
18.4132	11.6484
18.8556	11.6484
19.3124	11.6484
19.7839	11.6484
20.2701	11.6484
20.7715	11.6484
21.2881	11.6484
21.8203	11.6484
22.3683	11.6484
22.9322	11.6484
23.5124	11.6484
24.109	11.6484
24.7224	11.6484
25.3526	11.6484

0	11.8084
0.548385	11.8084
1.07267	11.8084
1.57339	11.8084
2.0511	11.8084
2.50632	11.8084
2.93961	11.8084
3.35151	11.8084
3.74256	11.8084
4.11329	11.8084
4.46426	11.8084
4.796	11.8084
5.10905	11.8084
5.40396	11.8084
5.68127	11.8084
5.94152	11.8084
6.18524	11.8084
6.41299	11.8084
6.6253	11.8084
6.82272	11.8084
7.00579	11.8084
7.17504	11.8084
7.33103	11.8084
7.47429	11.8084
7.60536	11.8084
7.72478	11.8084
7.83311	11.8084
7.93087	11.8084
8.01861	11.8084
8.09687	11.8084
8.1662	11.8084
8.22713	11.8084
8.28021	11.8084
8.32598	11.8084
8.36497	11.8084
8.39774	11.8084
8.42482	11.8084
8.44676	11.8084
8.46409	11.8084
8.47736	11.8084
8.48711	11.8084
8.49388	11.8084
8.49821	11.8084
8.50065	11.8084
8.50173	11.8084
8.502	11.8084
8.50664	11.8084
8.52001	11.8084
8.54133	11.8084
8.56986	11.8084
8.60483	11.8084
8.64549	11.8084
8.69107	11.8084
8.74083	11.8084
8.79399	11.8084
8.84981	11.8084
8.90753	11.8084
8.96638	11.8084
9.02562	11.8084
9.08447	11.8084
9.14219	11.8084
9.19801	11.8084
9.25117	11.8084
9.30093	11.8084
9.34651	11.8084
9.38717	11.8084
9.42214	11.8084
9.45067	11.8084
9.47199	11.8084
9.48536	11.8084
9.49	11.8084
9.49012	11.8084
9.49058	11.8084
9.49161	11.8084
9.49345	11.8084
9.49633	11.8084
9.50047	11.8084
9.50611	11.8084
9.51348	11.8084
9.5228	11.8084
9.53431	11.8084
9.54824	11.8084
9.56481	11.8084
9.58426	11.8084
9.60682	11.8084
9.63271	11.8084
9.66218	11.8084
9.69544	11.8084
9.73273	11.8084
9.77428	11.8084
9.82032	11.8084
9.87107	11.8084
9.92678	11.8084
9.98766	11.8084
10.054	11.8084
10.1259	11.8084
10.2037	11.8084
10.2876	11.8084
10.3778	11.8084
10.4746	11.8084
10.5782	11.8084
10.6888	11.8084
10.8067	11.8084
10.932	11.8084
11.065	11.8084
11.206	11.8084
11.3552	11.8084
11.5127	11.8084
11.6789	11.8084
11.854	11.8084
12.0381	11.8084
12.2316	11.8084
12.4346	11.8084
12.6474	11.8084
12.8703	11.8084
13.1033	11.8084
13.3469	11.8084
13.6011	11.8084
13.8663	11.8084
14.1426	11.8084
14.4303	11.8084
14.7297	11.8084
15.0409	11.8084
15.3642	11.8084
15.6998	11.8084
16.048	11.8084
16.4089	11.8084
16.7828	11.8084
17.17	11.8084
17.5706	11.8084
17.985	11.8084
18.4132	11.8084
18.8556	11.8084
19.3124	11.8084
19.7839	11.8084
20.2701	11.8084
20.7715	11.8084
21.2881	11.8084
21.8203	11.8084
22.3683	11.8084
22.9322	11.8084
23.5124	11.8084
24.109	11.8084
24.7224	11.8084
25.3526	11.8084

0	11.9827
0.548385	11.9827
1.07267	11.9827
1.57339	11.9827
2.0511	11.9827
2.50632	11.9827
2.93961	11.9827
3.35151	11.9827
3.74256	11.9827
4.11329	11.9827
4.46426	11.9827
4.796	11.9827
5.10905	11.9827
5.40396	11.9827
5.68127	11.9827
5.94152	11.9827
6.18524	11.9827
6.41299	11.9827
6.6253	11.9827
6.82272	11.9827
7.00579	11.9827
7.17504	11.9827
7.33103	11.9827
7.47429	11.9827
7.60536	11.9827
7.72478	11.9827
7.83311	11.9827
7.93087	11.9827
8.01861	11.9827
8.09687	11.9827
8.1662	11.9827
8.22713	11.9827
8.28021	11.9827
8.32598	11.9827
8.36497	11.9827
8.39774	11.9827
8.42482	11.9827
8.44676	11.9827
8.46409	11.9827
8.47736	11.9827
8.48711	11.9827
8.49388	11.9827
8.49821	11.9827
8.50065	11.9827
8.50173	11.9827
8.502	11.9827
8.50664	11.9827
8.52001	11.9827
8.54133	11.9827
8.56986	11.9827
8.60483	11.9827
8.64549	11.9827
8.69107	11.9827
8.74083	11.9827
8.79399	11.9827
8.84981	11.9827
8.90753	11.9827
8.96638	11.9827
9.02562	11.9827
9.08447	11.9827
9.14219	11.9827
9.19801	11.9827
9.25117	11.9827
9.30093	11.9827
9.34651	11.9827
9.38717	11.9827
9.42214	11.9827
9.45067	11.9827
9.47199	11.9827
9.48536	11.9827
9.49	11.9827
9.49012	11.9827
9.49058	11.9827
9.49161	11.9827
9.49345	11.9827
9.49633	11.9827
9.50047	11.9827
9.50611	11.9827
9.51348	11.9827
9.5228	11.9827
9.53431	11.9827
9.54824	11.9827
9.56481	11.9827
9.58426	11.9827
9.60682	11.9827
9.63271	11.9827
9.66218	11.9827
9.69544	11.9827
9.73273	11.9827
9.77428	11.9827
9.82032	11.9827
9.87107	11.9827
9.92678	11.9827
9.98766	11.9827
10.054	11.9827
10.1259	11.9827
10.2037	11.9827
10.2876	11.9827
10.3778	11.9827
10.4746	11.9827
10.5782	11.9827
10.6888	11.9827
10.8067	11.9827
10.932	11.9827
11.065	11.9827
11.206	11.9827
11.3552	11.9827
11.5127	11.9827
11.6789	11.9827
11.854	11.9827
12.0381	11.9827
12.2316	11.9827
12.4346	11.9827
12.6474	11.9827
12.8703	11.9827
13.1033	11.9827
13.3469	11.9827
13.6011	11.9827
13.8663	11.9827
14.1426	11.9827
14.4303	11.9827
14.7297	11.9827
15.0409	11.9827
15.3642	11.9827
15.6998	11.9827
16.048	11.9827
16.4089	11.9827
16.7828	11.9827
17.17	11.9827
17.5706	11.9827
17.985	11.9827
18.4132	11.9827
18.8556	11.9827
19.3124	11.9827
19.7839	11.9827
20.2701	11.9827
20.7715	11.9827
21.2881	11.9827
21.8203	11.9827
22.3683	11.9827
22.9322	11.9827
23.5124	11.9827
24.109	11.9827
24.7224	11.9827
25.3526	11.9827

0	12.1718
0.548385	12.1718
1.07267	12.1718
1.57339	12.1718
2.0511	12.1718
2.50632	12.1718
2.93961	12.1718
3.35151	12.1718
3.74256	12.1718
4.11329	12.1718
4.46426	12.1718
4.796	12.1718
5.10905	12.1718
5.40396	12.1718
5.68127	12.1718
5.94152	12.1718
6.18524	12.1718
6.41299	12.1718
6.6253	12.1718
6.82272	12.1718
7.00579	12.1718
7.17504	12.1718
7.33103	12.1718
7.47429	12.1718
7.60536	12.1718
7.72478	12.1718
7.83311	12.1718
7.93087	12.1718
8.01861	12.1718
8.09687	12.1718
8.1662	12.1718
8.22713	12.1718
8.28021	12.1718
8.32598	12.1718
8.36497	12.1718
8.39774	12.1718
8.42482	12.1718
8.44676	12.1718
8.46409	12.1718
8.47736	12.1718
8.48711	12.1718
8.49388	12.1718
8.49821	12.1718
8.50065	12.1718
8.50173	12.1718
8.502	12.1718
8.50664	12.1718
8.52001	12.1718
8.54133	12.1718
8.56986	12.1718
8.60483	12.1718
8.64549	12.1718
8.69107	12.1718
8.74083	12.1718
8.79399	12.1718
8.84981	12.1718
8.90753	12.1718
8.96638	12.1718
9.02562	12.1718
9.08447	12.1718
9.14219	12.1718
9.19801	12.1718
9.25117	12.1718
9.30093	12.1718
9.34651	12.1718
9.38717	12.1718
9.42214	12.1718
9.45067	12.1718
9.47199	12.1718
9.48536	12.1718
9.49	12.1718
9.49012	12.1718
9.49058	12.1718
9.49161	12.1718
9.49345	12.1718
9.49633	12.1718
9.50047	12.1718
9.50611	12.1718
9.51348	12.1718
9.5228	12.1718
9.53431	12.1718
9.54824	12.1718
9.56481	12.1718
9.58426	12.1718
9.60682	12.1718
9.63271	12.1718
9.66218	12.1718
9.69544	12.1718
9.73273	12.1718
9.77428	12.1718
9.82032	12.1718
9.87107	12.1718
9.92678	12.1718
9.98766	12.1718
10.054	12.1718
10.1259	12.1718
10.2037	12.1718
10.2876	12.1718
10.3778	12.1718
10.4746	12.1718
10.5782	12.1718
10.6888	12.1718
10.8067	12.1718
10.932	12.1718
11.065	12.1718
11.206	12.1718
11.3552	12.1718
11.5127	12.1718
11.6789	12.1718
11.854	12.1718
12.0381	12.1718
12.2316	12.1718
12.4346	12.1718
12.6474	12.1718
12.8703	12.1718
13.1033	12.1718
13.3469	12.1718
13.6011	12.1718
13.8663	12.1718
14.1426	12.1718
14.4303	12.1718
14.7297	12.1718
15.0409	12.1718
15.3642	12.1718
15.6998	12.1718
16.048	12.1718
16.4089	12.1718
16.7828	12.1718
17.17	12.1718
17.5706	12.1718
17.985	12.1718
18.4132	12.1718
18.8556	12.1718
19.3124	12.1718
19.7839	12.1718
20.2701	12.1718
20.7715	12.1718
21.2881	12.1718
21.8203	12.1718
22.3683	12.1718
22.9322	12.1718
23.5124	12.1718
24.109	12.1718
24.7224	12.1718
25.3526	12.1718

0	12.3764
0.548385	12.3764
1.07267	12.3764
1.57339	12.3764
2.0511	12.3764
2.50632	12.3764
2.93961	12.3764
3.35151	12.3764
3.74256	12.3764
4.11329	12.3764
4.46426	12.3764
4.796	12.3764
5.10905	12.3764
5.40396	12.3764
5.68127	12.3764
5.94152	12.3764
6.18524	12.3764
6.41299	12.3764
6.6253	12.3764
6.82272	12.3764
7.00579	12.3764
7.17504	12.3764
7.33103	12.3764
7.47429	12.3764
7.60536	12.3764
7.72478	12.3764
7.83311	12.3764
7.93087	12.3764
8.01861	12.3764
8.09687	12.3764
8.1662	12.3764
8.22713	12.3764
8.28021	12.3764
8.32598	12.3764
8.36497	12.3764
8.39774	12.3764
8.42482	12.3764
8.44676	12.3764
8.46409	12.3764
8.47736	12.3764
8.48711	12.3764
8.49388	12.3764
8.49821	12.3764
8.50065	12.3764
8.50173	12.3764
8.502	12.3764
8.50664	12.3764
8.52001	12.3764
8.54133	12.3764
8.56986	12.3764
8.60483	12.3764
8.64549	12.3764
8.69107	12.3764
8.74083	12.3764
8.79399	12.3764
8.84981	12.3764
8.90753	12.3764
8.96638	12.3764
9.02562	12.3764
9.08447	12.3764
9.14219	12.3764
9.19801	12.3764
9.25117	12.3764
9.30093	12.3764
9.34651	12.3764
9.38717	12.3764
9.42214	12.3764
9.45067	12.3764
9.47199	12.3764
9.48536	12.3764
9.49	12.3764
9.49012	12.3764
9.49058	12.3764
9.49161	12.3764
9.49345	12.3764
9.49633	12.3764
9.50047	12.3764
9.50611	12.3764
9.51348	12.3764
9.5228	12.3764
9.53431	12.3764
9.54824	12.3764
9.56481	12.3764
9.58426	12.3764
9.60682	12.3764
9.63271	12.3764
9.66218	12.3764
9.69544	12.3764
9.73273	12.3764
9.77428	12.3764
9.82032	12.3764
9.87107	12.3764
9.92678	12.3764
9.98766	12.3764
10.054	12.3764
10.1259	12.3764
10.2037	12.3764
10.2876	12.3764
10.3778	12.3764
10.4746	12.3764
10.5782	12.3764
10.6888	12.3764
10.8067	12.3764
10.932	12.3764
11.065	12.3764
11.206	12.3764
11.3552	12.3764
11.5127	12.3764
11.6789	12.3764
11.854	12.3764
12.0381	12.3764
12.2316	12.3764
12.4346	12.3764
12.6474	12.3764
12.8703	12.3764
13.1033	12.3764
13.3469	12.3764
13.6011	12.3764
13.8663	12.3764
14.1426	12.3764
14.4303	12.3764
14.7297	12.3764
15.0409	12.3764
15.3642	12.3764
15.6998	12.3764
16.048	12.3764
16.4089	12.3764
16.7828	12.3764
17.17	12.3764
17.5706	12.3764
17.985	12.3764
18.4132	12.3764
18.8556	12.3764
19.3124	12.3764
19.7839	12.3764
20.2701	12.3764
20.7715	12.3764
21.2881	12.3764
21.8203	12.3764
22.3683	12.3764
22.9322	12.3764
23.5124	12.3764
24.109	12.3764
24.7224	12.3764
25.3526	12.3764

0	12.597
0.548385	12.597
1.07267	12.597
1.57339	12.597
2.0511	12.597
2.50632	12.597
2.93961	12.597
3.35151	12.597
3.74256	12.597
4.11329	12.597
4.46426	12.597
4.796	12.597
5.10905	12.597
5.40396	12.597
5.68127	12.597
5.94152	12.597
6.18524	12.597
6.41299	12.597
6.6253	12.597
6.82272	12.597
7.00579	12.597
7.17504	12.597
7.33103	12.597
7.47429	12.597
7.60536	12.597
7.72478	12.597
7.83311	12.597
7.93087	12.597
8.01861	12.597
8.09687	12.597
8.1662	12.597
8.22713	12.597
8.28021	12.597
8.32598	12.597
8.36497	12.597
8.39774	12.597
8.42482	12.597
8.44676	12.597
8.46409	12.597
8.47736	12.597
8.48711	12.597
8.49388	12.597
8.49821	12.597
8.50065	12.597
8.50173	12.597
8.502	12.597
8.50664	12.597
8.52001	12.597
8.54133	12.597
8.56986	12.597
8.60483	12.597
8.64549	12.597
8.69107	12.597
8.74083	12.597
8.79399	12.597
8.84981	12.597
8.90753	12.597
8.96638	12.597
9.02562	12.597
9.08447	12.597
9.14219	12.597
9.19801	12.597
9.25117	12.597
9.30093	12.597
9.34651	12.597
9.38717	12.597
9.42214	12.597
9.45067	12.597
9.47199	12.597
9.48536	12.597
9.49	12.597
9.49012	12.597
9.49058	12.597
9.49161	12.597
9.49345	12.597
9.49633	12.597
9.50047	12.597
9.50611	12.597
9.51348	12.597
9.5228	12.597
9.53431	12.597
9.54824	12.597
9.56481	12.597
9.58426	12.597
9.60682	12.597
9.63271	12.597
9.66218	12.597
9.69544	12.597
9.73273	12.597
9.77428	12.597
9.82032	12.597
9.87107	12.597
9.92678	12.597
9.98766	12.597
10.054	12.597
10.1259	12.597
10.2037	12.597
10.2876	12.597
10.3778	12.597
10.4746	12.597
10.5782	12.597
10.6888	12.597
10.8067	12.597
10.932	12.597
11.065	12.597
11.206	12.597
11.3552	12.597
11.5127	12.597
11.6789	12.597
11.854	12.597
12.0381	12.597
12.2316	12.597
12.4346	12.597
12.6474	12.597
12.8703	12.597
13.1033	12.597
13.3469	12.597
13.6011	12.597
13.8663	12.597
14.1426	12.597
14.4303	12.597
14.7297	12.597
15.0409	12.597
15.3642	12.597
15.6998	12.597
16.048	12.597
16.4089	12.597
16.7828	12.597
17.17	12.597
17.5706	12.597
17.985	12.597
18.4132	12.597
18.8556	12.597
19.3124	12.597
19.7839	12.597
20.2701	12.597
20.7715	12.597
21.2881	12.597
21.8203	12.597
22.3683	12.597
22.9322	12.597
23.5124	12.597
24.109	12.597
24.7224	12.597
25.3526	12.597

0	12.8342
0.548385	12.8342
1.07267	12.8342
1.57339	12.8342
2.0511	12.8342
2.50632	12.8342
2.93961	12.8342
3.35151	12.8342
3.74256	12.8342
4.11329	12.8342
4.46426	12.8342
4.796	12.8342
5.10905	12.8342
5.40396	12.8342
5.68127	12.8342
5.94152	12.8342
6.18524	12.8342
6.41299	12.8342
6.6253	12.8342
6.82272	12.8342
7.00579	12.8342
7.17504	12.8342
7.33103	12.8342
7.47429	12.8342
7.60536	12.8342
7.72478	12.8342
7.83311	12.8342
7.93087	12.8342
8.01861	12.8342
8.09687	12.8342
8.1662	12.8342
8.22713	12.8342
8.28021	12.8342
8.32598	12.8342
8.36497	12.8342
8.39774	12.8342
8.42482	12.8342
8.44676	12.8342
8.46409	12.8342
8.47736	12.8342
8.48711	12.8342
8.49388	12.8342
8.49821	12.8342
8.50065	12.8342
8.50173	12.8342
8.502	12.8342
8.50664	12.8342
8.52001	12.8342
8.54133	12.8342
8.56986	12.8342
8.60483	12.8342
8.64549	12.8342
8.69107	12.8342
8.74083	12.8342
8.79399	12.8342
8.84981	12.8342
8.90753	12.8342
8.96638	12.8342
9.02562	12.8342
9.08447	12.8342
9.14219	12.8342
9.19801	12.8342
9.25117	12.8342
9.30093	12.8342
9.34651	12.8342
9.38717	12.8342
9.42214	12.8342
9.45067	12.8342
9.47199	12.8342
9.48536	12.8342
9.49	12.8342
9.49012	12.8342
9.49058	12.8342
9.49161	12.8342
9.49345	12.8342
9.49633	12.8342
9.50047	12.8342
9.50611	12.8342
9.51348	12.8342
9.5228	12.8342
9.53431	12.8342
9.54824	12.8342
9.56481	12.8342
9.58426	12.8342
9.60682	12.8342
9.63271	12.8342
9.66218	12.8342
9.69544	12.8342
9.73273	12.8342
9.77428	12.8342
9.82032	12.8342
9.87107	12.8342
9.92678	12.8342
9.98766	12.8342
10.054	12.8342
10.1259	12.8342
10.2037	12.8342
10.2876	12.8342
10.3778	12.8342
10.4746	12.8342
10.5782	12.8342
10.6888	12.8342
10.8067	12.8342
10.932	12.8342
11.065	12.8342
11.206	12.8342
11.3552	12.8342
11.5127	12.8342
11.6789	12.8342
11.854	12.8342
12.0381	12.8342
12.2316	12.8342
12.4346	12.8342
12.6474	12.8342
12.8703	12.8342
13.1033	12.8342
13.3469	12.8342
13.6011	12.8342
13.8663	12.8342
14.1426	12.8342
14.4303	12.8342
14.7297	12.8342
15.0409	12.8342
15.3642	12.8342
15.6998	12.8342
16.048	12.8342
16.4089	12.8342
16.7828	12.8342
17.17	12.8342
17.5706	12.8342
17.985	12.8342
18.4132	12.8342
18.8556	12.8342
19.3124	12.8342
19.7839	12.8342
20.2701	12.8342
20.7715	12.8342
21.2881	12.8342
21.8203	12.8342
22.3683	12.8342
22.9322	12.8342
23.5124	12.8342
24.109	12.8342
24.7224	12.8342
25.3526	12.8342

0	13.0887
0.548385	13.0887
1.07267	13.0887
1.57339	13.0887
2.0511	13.0887
2.50632	13.0887
2.93961	13.0887
3.35151	13.0887
3.74256	13.0887
4.11329	13.0887
4.46426	13.0887
4.796	13.0887
5.10905	13.0887
5.40396	13.0887
5.68127	13.0887
5.94152	13.0887
6.18524	13.0887
6.41299	13.0887
6.6253	13.0887
6.82272	13.0887
7.00579	13.0887
7.17504	13.0887
7.33103	13.0887
7.47429	13.0887
7.60536	13.0887
7.72478	13.0887
7.83311	13.0887
7.93087	13.0887
8.01861	13.0887
8.09687	13.0887
8.1662	13.0887
8.22713	13.0887
8.28021	13.0887
8.32598	13.0887
8.36497	13.0887
8.39774	13.0887
8.42482	13.0887
8.44676	13.0887
8.46409	13.0887
8.47736	13.0887
8.48711	13.0887
8.49388	13.0887
8.49821	13.0887
8.50065	13.0887
8.50173	13.0887
8.502	13.0887
8.50664	13.0887
8.52001	13.0887
8.54133	13.0887
8.56986	13.0887
8.60483	13.0887
8.64549	13.0887
8.69107	13.0887
8.74083	13.0887
8.79399	13.0887
8.84981	13.0887
8.90753	13.0887
8.96638	13.0887
9.02562	13.0887
9.08447	13.0887
9.14219	13.0887
9.19801	13.0887
9.25117	13.0887
9.30093	13.0887
9.34651	13.0887
9.38717	13.0887
9.42214	13.0887
9.45067	13.0887
9.47199	13.0887
9.48536	13.0887
9.49	13.0887
9.49012	13.0887
9.49058	13.0887
9.49161	13.0887
9.49345	13.0887
9.49633	13.0887
9.50047	13.0887
9.50611	13.0887
9.51348	13.0887
9.5228	13.0887
9.53431	13.0887
9.54824	13.0887
9.56481	13.0887
9.58426	13.0887
9.60682	13.0887
9.63271	13.0887
9.66218	13.0887
9.69544	13.0887
9.73273	13.0887
9.77428	13.0887
9.82032	13.0887
9.87107	13.0887
9.92678	13.0887
9.98766	13.0887
10.054	13.0887
10.1259	13.0887
10.2037	13.0887
10.2876	13.0887
10.3778	13.0887
10.4746	13.0887
10.5782	13.0887
10.6888	13.0887
10.8067	13.0887
10.932	13.0887
11.065	13.0887
11.206	13.0887
11.3552	13.0887
11.5127	13.0887
11.6789	13.0887
11.854	13.0887
12.0381	13.0887
12.2316	13.0887
12.4346	13.0887
12.6474	13.0887
12.8703	13.0887
13.1033	13.0887
13.3469	13.0887
13.6011	13.0887
13.8663	13.0887
14.1426	13.0887
14.4303	13.0887
14.7297	13.0887
15.0409	13.0887
15.3642	13.0887
15.6998	13.0887
16.048	13.0887
16.4089	13.0887
16.7828	13.0887
17.17	13.0887
17.5706	13.0887
17.985	13.0887
18.4132	13.0887
18.8556	13.0887
19.3124	13.0887
19.7839	13.0887
20.2701	13.0887
20.7715	13.0887
21.2881	13.0887
21.8203	13.0887
22.3683	13.0887
22.9322	13.0887
23.5124	13.0887
24.109	13.0887
24.7224	13.0887
25.3526	13.0887

0	13.361
0.548385	13.361
1.07267	13.361
1.57339	13.361
2.0511	13.361
2.50632	13.361
2.93961	13.361
3.35151	13.361
3.74256	13.361
4.11329	13.361
4.46426	13.361
4.796	13.361
5.10905	13.361
5.40396	13.361
5.68127	13.361
5.94152	13.361
6.18524	13.361
6.41299	13.361
6.6253	13.361
6.82272	13.361
7.00579	13.361
7.17504	13.361
7.33103	13.361
7.47429	13.361
7.60536	13.361
7.72478	13.361
7.83311	13.361
7.93087	13.361
8.01861	13.361
8.09687	13.361
8.1662	13.361
8.22713	13.361
8.28021	13.361
8.32598	13.361
8.36497	13.361
8.39774	13.361
8.42482	13.361
8.44676	13.361
8.46409	13.361
8.47736	13.361
8.48711	13.361
8.49388	13.361
8.49821	13.361
8.50065	13.361
8.50173	13.361
8.502	13.361
8.50664	13.361
8.52001	13.361
8.54133	13.361
8.56986	13.361
8.60483	13.361
8.64549	13.361
8.69107	13.361
8.74083	13.361
8.79399	13.361
8.84981	13.361
8.90753	13.361
8.96638	13.361
9.02562	13.361
9.08447	13.361
9.14219	13.361
9.19801	13.361
9.25117	13.361
9.30093	13.361
9.34651	13.361
9.38717	13.361
9.42214	13.361
9.45067	13.361
9.47199	13.361
9.48536	13.361
9.49	13.361
9.49012	13.361
9.49058	13.361
9.49161	13.361
9.49345	13.361
9.49633	13.361
9.50047	13.361
9.50611	13.361
9.51348	13.361
9.5228	13.361
9.53431	13.361
9.54824	13.361
9.56481	13.361
9.58426	13.361
9.60682	13.361
9.63271	13.361
9.66218	13.361
9.69544	13.361
9.73273	13.361
9.77428	13.361
9.82032	13.361
9.87107	13.361
9.92678	13.361
9.98766	13.361
10.054	13.361
10.1259	13.361
10.2037	13.361
10.2876	13.361
10.3778	13.361
10.4746	13.361
10.5782	13.361
10.6888	13.361
10.8067	13.361
10.932	13.361
11.065	13.361
11.206	13.361
11.3552	13.361
11.5127	13.361
11.6789	13.361
11.854	13.361
12.0381	13.361
12.2316	13.361
12.4346	13.361
12.6474	13.361
12.8703	13.361
13.1033	13.361
13.3469	13.361
13.6011	13.361
13.8663	13.361
14.1426	13.361
14.4303	13.361
14.7297	13.361
15.0409	13.361
15.3642	13.361
15.6998	13.361
16.048	13.361
16.4089	13.361
16.7828	13.361
17.17	13.361
17.5706	13.361
17.985	13.361
18.4132	13.361
18.8556	13.361
19.3124	13.361
19.7839	13.361
20.2701	13.361
20.7715	13.361
21.2881	13.361
21.8203	13.361
22.3683	13.361
22.9322	13.361
23.5124	13.361
24.109	13.361
24.7224	13.361
25.3526	13.361

0	13.6518
0.548385	13.6518
1.07267	13.6518
1.57339	13.6518
2.0511	13.6518
2.50632	13.6518
2.93961	13.6518
3.35151	13.6518
3.74256	13.6518
4.11329	13.6518
4.46426	13.6518
4.796	13.6518
5.10905	13.6518
5.40396	13.6518
5.68127	13.6518
5.94152	13.6518
6.18524	13.6518
6.41299	13.6518
6.6253	13.6518
6.82272	13.6518
7.00579	13.6518
7.17504	13.6518
7.33103	13.6518
7.47429	13.6518
7.60536	13.6518
7.72478	13.6518
7.83311	13.6518
7.93087	13.6518
8.01861	13.6518
8.09687	13.6518
8.1662	13.6518
8.22713	13.6518
8.28021	13.6518
8.32598	13.6518
8.36497	13.6518
8.39774	13.6518
8.42482	13.6518
8.44676	13.6518
8.46409	13.6518
8.47736	13.6518
8.48711	13.6518
8.49388	13.6518
8.49821	13.6518
8.50065	13.6518
8.50173	13.6518
8.502	13.6518
8.50664	13.6518
8.52001	13.6518
8.54133	13.6518
8.56986	13.6518
8.60483	13.6518
8.64549	13.6518
8.69107	13.6518
8.74083	13.6518
8.79399	13.6518
8.84981	13.6518
8.90753	13.6518
8.96638	13.6518
9.02562	13.6518
9.08447	13.6518
9.14219	13.6518
9.19801	13.6518
9.25117	13.6518
9.30093	13.6518
9.34651	13.6518
9.38717	13.6518
9.42214	13.6518
9.45067	13.6518
9.47199	13.6518
9.48536	13.6518
9.49	13.6518
9.49012	13.6518
9.49058	13.6518
9.49161	13.6518
9.49345	13.6518
9.49633	13.6518
9.50047	13.6518
9.50611	13.6518
9.51348	13.6518
9.5228	13.6518
9.53431	13.6518
9.54824	13.6518
9.56481	13.6518
9.58426	13.6518
9.60682	13.6518
9.63271	13.6518
9.66218	13.6518
9.69544	13.6518
9.73273	13.6518
9.77428	13.6518
9.82032	13.6518
9.87107	13.6518
9.92678	13.6518
9.98766	13.6518
10.054	13.6518
10.1259	13.6518
10.2037	13.6518
10.2876	13.6518
10.3778	13.6518
10.4746	13.6518
10.5782	13.6518
10.6888	13.6518
10.8067	13.6518
10.932	13.6518
11.065	13.6518
11.206	13.6518
11.3552	13.6518
11.5127	13.6518
11.6789	13.6518
11.854	13.6518
12.0381	13.6518
12.2316	13.6518
12.4346	13.6518
12.6474	13.6518
12.8703	13.6518
13.1033	13.6518
13.3469	13.6518
13.6011	13.6518
13.8663	13.6518
14.1426	13.6518
14.4303	13.6518
14.7297	13.6518
15.0409	13.6518
15.3642	13.6518
15.6998	13.6518
16.048	13.6518
16.4089	13.6518
16.7828	13.6518
17.17	13.6518
17.5706	13.6518
17.985	13.6518
18.4132	13.6518
18.8556	13.6518
19.3124	13.6518
19.7839	13.6518
20.2701	13.6518
20.7715	13.6518
21.2881	13.6518
21.8203	13.6518
22.3683	13.6518
22.9322	13.6518
23.5124	13.6518
24.109	13.6518
24.7224	13.6518
25.3526	13.6518

0	13.9617
0.548385	13.9617
1.07267	13.9617
1.57339	13.9617
2.0511	13.9617
2.50632	13.9617
2.93961	13.9617
3.35151	13.9617
3.74256	13.9617
4.11329	13.9617
4.46426	13.9617
4.796	13.9617
5.10905	13.9617
5.40396	13.9617
5.68127	13.9617
5.94152	13.9617
6.18524	13.9617
6.41299	13.9617
6.6253	13.9617
6.82272	13.9617
7.00579	13.9617
7.17504	13.9617
7.33103	13.9617
7.47429	13.9617
7.60536	13.9617
7.72478	13.9617
7.83311	13.9617
7.93087	13.9617
8.01861	13.9617
8.09687	13.9617
8.1662	13.9617
8.22713	13.9617
8.28021	13.9617
8.32598	13.9617
8.36497	13.9617
8.39774	13.9617
8.42482	13.9617
8.44676	13.9617
8.46409	13.9617
8.47736	13.9617
8.48711	13.9617
8.49388	13.9617
8.49821	13.9617
8.50065	13.9617
8.50173	13.9617
8.502	13.9617
8.50664	13.9617
8.52001	13.9617
8.54133	13.9617
8.56986	13.9617
8.60483	13.9617
8.64549	13.9617
8.69107	13.9617
8.74083	13.9617
8.79399	13.9617
8.84981	13.9617
8.90753	13.9617
8.96638	13.9617
9.02562	13.9617
9.08447	13.9617
9.14219	13.9617
9.19801	13.9617
9.25117	13.9617
9.30093	13.9617
9.34651	13.9617
9.38717	13.9617
9.42214	13.9617
9.45067	13.9617
9.47199	13.9617
9.48536	13.9617
9.49	13.9617
9.49012	13.9617
9.49058	13.9617
9.49161	13.9617
9.49345	13.9617
9.49633	13.9617
9.50047	13.9617
9.50611	13.9617
9.51348	13.9617
9.5228	13.9617
9.53431	13.9617
9.54824	13.9617
9.56481	13.9617
9.58426	13.9617
9.60682	13.9617
9.63271	13.9617
9.66218	13.9617
9.69544	13.9617
9.73273	13.9617
9.77428	13.9617
9.82032	13.9617
9.87107	13.9617
9.92678	13.9617
9.98766	13.9617
10.054	13.9617
10.1259	13.9617
10.2037	13.9617
10.2876	13.9617
10.3778	13.9617
10.4746	13.9617
10.5782	13.9617
10.6888	13.9617
10.8067	13.9617
10.932	13.9617
11.065	13.9617
11.206	13.9617
11.3552	13.9617
11.5127	13.9617
11.6789	13.9617
11.854	13.9617
12.0381	13.9617
12.2316	13.9617
12.4346	13.9617
12.6474	13.9617
12.8703	13.9617
13.1033	13.9617
13.3469	13.9617
13.6011	13.9617
13.8663	13.9617
14.1426	13.9617
14.4303	13.9617
14.7297	13.9617
15.0409	13.9617
15.3642	13.9617
15.6998	13.9617
16.048	13.9617
16.4089	13.9617
16.7828	13.9617
17.17	13.9617
17.5706	13.9617
17.985	13.9617
18.4132	13.9617
18.8556	13.9617
19.3124	13.9617
19.7839	13.9617
20.2701	13.9617
20.7715	13.9617
21.2881	13.9617
21.8203	13.9617
22.3683	13.9617
22.9322	13.9617
23.5124	13.9617
24.109	13.9617
24.7224	13.9617
25.3526	13.9617

0	14.2912
0.548385	14.2912
1.07267	14.2912
1.57339	14.2912
2.0511	14.2912
2.50632	14.2912
2.93961	14.2912
3.35151	14.2912
3.74256	14.2912
4.11329	14.2912
4.46426	14.2912
4.796	14.2912
5.10905	14.2912
5.40396	14.2912
5.68127	14.2912
5.94152	14.2912
6.18524	14.2912
6.41299	14.2912
6.6253	14.2912
6.82272	14.2912
7.00579	14.2912
7.17504	14.2912
7.33103	14.2912
7.47429	14.2912
7.60536	14.2912
7.72478	14.2912
7.83311	14.2912
7.93087	14.2912
8.01861	14.2912
8.09687	14.2912
8.1662	14.2912
8.22713	14.2912
8.28021	14.2912
8.32598	14.2912
8.36497	14.2912
8.39774	14.2912
8.42482	14.2912
8.44676	14.2912
8.46409	14.2912
8.47736	14.2912
8.48711	14.2912
8.49388	14.2912
8.49821	14.2912
8.50065	14.2912
8.50173	14.2912
8.502	14.2912
8.50664	14.2912
8.52001	14.2912
8.54133	14.2912
8.56986	14.2912
8.60483	14.2912
8.64549	14.2912
8.69107	14.2912
8.74083	14.2912
8.79399	14.2912
8.84981	14.2912
8.90753	14.2912
8.96638	14.2912
9.02562	14.2912
9.08447	14.2912
9.14219	14.2912
9.19801	14.2912
9.25117	14.2912
9.30093	14.2912
9.34651	14.2912
9.38717	14.2912
9.42214	14.2912
9.45067	14.2912
9.47199	14.2912
9.48536	14.2912
9.49	14.2912
9.49012	14.2912
9.49058	14.2912
9.49161	14.2912
9.49345	14.2912
9.49633	14.2912
9.50047	14.2912
9.50611	14.2912
9.51348	14.2912
9.5228	14.2912
9.53431	14.2912
9.54824	14.2912
9.56481	14.2912
9.58426	14.2912
9.60682	14.2912
9.63271	14.2912
9.66218	14.2912
9.69544	14.2912
9.73273	14.2912
9.77428	14.2912
9.82032	14.2912
9.87107	14.2912
9.92678	14.2912
9.98766	14.2912
10.054	14.2912
10.1259	14.2912
10.2037	14.2912
10.2876	14.2912
10.3778	14.2912
10.4746	14.2912
10.5782	14.2912
10.6888	14.2912
10.8067	14.2912
10.932	14.2912
11.065	14.2912
11.206	14.2912
11.3552	14.2912
11.5127	14.2912
11.6789	14.2912
11.854	14.2912
12.0381	14.2912
12.2316	14.2912
12.4346	14.2912
12.6474	14.2912
12.8703	14.2912
13.1033	14.2912
13.3469	14.2912
13.6011	14.2912
13.8663	14.2912
14.1426	14.2912
14.4303	14.2912
14.7297	14.2912
15.0409	14.2912
15.3642	14.2912
15.6998	14.2912
16.048	14.2912
16.4089	14.2912
16.7828	14.2912
17.17	14.2912
17.5706	14.2912
17.985	14.2912
18.4132	14.2912
18.8556	14.2912
19.3124	14.2912
19.7839	14.2912
20.2701	14.2912
20.7715	14.2912
21.2881	14.2912
21.8203	14.2912
22.3683	14.2912
22.9322	14.2912
23.5124	14.2912
24.109	14.2912
24.7224	14.2912
25.3526	14.2912

0	14.641
0.548385	14.641
1.07267	14.641
1.57339	14.641
2.0511	14.641
2.50632	14.641
2.93961	14.641
3.35151	14.641
3.74256	14.641
4.11329	14.641
4.46426	14.641
4.796	14.641
5.10905	14.641
5.40396	14.641
5.68127	14.641
5.94152	14.641
6.18524	14.641
6.41299	14.641
6.6253	14.641
6.82272	14.641
7.00579	14.641
7.17504	14.641
7.33103	14.641
7.47429	14.641
7.60536	14.641
7.72478	14.641
7.83311	14.641
7.93087	14.641
8.01861	14.641
8.09687	14.641
8.1662	14.641
8.22713	14.641
8.28021	14.641
8.32598	14.641
8.36497	14.641
8.39774	14.641
8.42482	14.641
8.44676	14.641
8.46409	14.641
8.47736	14.641
8.48711	14.641
8.49388	14.641
8.49821	14.641
8.50065	14.641
8.50173	14.641
8.502	14.641
8.50664	14.641
8.52001	14.641
8.54133	14.641
8.56986	14.641
8.60483	14.641
8.64549	14.641
8.69107	14.641
8.74083	14.641
8.79399	14.641
8.84981	14.641
8.90753	14.641
8.96638	14.641
9.02562	14.641
9.08447	14.641
9.14219	14.641
9.19801	14.641
9.25117	14.641
9.30093	14.641
9.34651	14.641
9.38717	14.641
9.42214	14.641
9.45067	14.641
9.47199	14.641
9.48536	14.641
9.49	14.641
9.49012	14.641
9.49058	14.641
9.49161	14.641
9.49345	14.641
9.49633	14.641
9.50047	14.641
9.50611	14.641
9.51348	14.641
9.5228	14.641
9.53431	14.641
9.54824	14.641
9.56481	14.641
9.58426	14.641
9.60682	14.641
9.63271	14.641
9.66218	14.641
9.69544	14.641
9.73273	14.641
9.77428	14.641
9.82032	14.641
9.87107	14.641
9.92678	14.641
9.98766	14.641
10.054	14.641
10.1259	14.641
10.2037	14.641
10.2876	14.641
10.3778	14.641
10.4746	14.641
10.5782	14.641
10.6888	14.641
10.8067	14.641
10.932	14.641
11.065	14.641
11.206	14.641
11.3552	14.641
11.5127	14.641
11.6789	14.641
11.854	14.641
12.0381	14.641
12.2316	14.641
12.4346	14.641
12.6474	14.641
12.8703	14.641
13.1033	14.641
13.3469	14.641
13.6011	14.641
13.8663	14.641
14.1426	14.641
14.4303	14.641
14.7297	14.641
15.0409	14.641
15.3642	14.641
15.6998	14.641
16.048	14.641
16.4089	14.641
16.7828	14.641
17.17	14.641
17.5706	14.641
17.985	14.641
18.4132	14.641
18.8556	14.641
19.3124	14.641
19.7839	14.641
20.2701	14.641
20.7715	14.641
21.2881	14.641
21.8203	14.641
22.3683	14.641
22.9322	14.641
23.5124	14.641
24.109	14.641
24.7224	14.641
25.3526	14.641

0	15.0117
0.548385	15.0117
1.07267	15.0117
1.57339	15.0117
2.0511	15.0117
2.50632	15.0117
2.93961	15.0117
3.35151	15.0117
3.74256	15.0117
4.11329	15.0117
4.46426	15.0117
4.796	15.0117
5.10905	15.0117
5.40396	15.0117
5.68127	15.0117
5.94152	15.0117
6.18524	15.0117
6.41299	15.0117
6.6253	15.0117
6.82272	15.0117
7.00579	15.0117
7.17504	15.0117
7.33103	15.0117
7.47429	15.0117
7.60536	15.0117
7.72478	15.0117
7.83311	15.0117
7.93087	15.0117
8.01861	15.0117
8.09687	15.0117
8.1662	15.0117
8.22713	15.0117
8.28021	15.0117
8.32598	15.0117
8.36497	15.0117
8.39774	15.0117
8.42482	15.0117
8.44676	15.0117
8.46409	15.0117
8.47736	15.0117
8.48711	15.0117
8.49388	15.0117
8.49821	15.0117
8.50065	15.0117
8.50173	15.0117
8.502	15.0117
8.50664	15.0117
8.52001	15.0117
8.54133	15.0117
8.56986	15.0117
8.60483	15.0117
8.64549	15.0117
8.69107	15.0117
8.74083	15.0117
8.79399	15.0117
8.84981	15.0117
8.90753	15.0117
8.96638	15.0117
9.02562	15.0117
9.08447	15.0117
9.14219	15.0117
9.19801	15.0117
9.25117	15.0117
9.30093	15.0117
9.34651	15.0117
9.38717	15.0117
9.42214	15.0117
9.45067	15.0117
9.47199	15.0117
9.48536	15.0117
9.49	15.0117
9.49012	15.0117
9.49058	15.0117
9.49161	15.0117
9.49345	15.0117
9.49633	15.0117
9.50047	15.0117
9.50611	15.0117
9.51348	15.0117
9.5228	15.0117
9.53431	15.0117
9.54824	15.0117
9.56481	15.0117
9.58426	15.0117
9.60682	15.0117
9.63271	15.0117
9.66218	15.0117
9.69544	15.0117
9.73273	15.0117
9.77428	15.0117
9.82032	15.0117
9.87107	15.0117
9.92678	15.0117
9.98766	15.0117
10.054	15.0117
10.1259	15.0117
10.2037	15.0117
10.2876	15.0117
10.3778	15.0117
10.4746	15.0117
10.5782	15.0117
10.6888	15.0117
10.8067	15.0117
10.932	15.0117
11.065	15.0117
11.206	15.0117
11.3552	15.0117
11.5127	15.0117
11.6789	15.0117
11.854	15.0117
12.0381	15.0117
12.2316	15.0117
12.4346	15.0117
12.6474	15.0117
12.8703	15.0117
13.1033	15.0117
13.3469	15.0117
13.6011	15.0117
13.8663	15.0117
14.1426	15.0117
14.4303	15.0117
14.7297	15.0117
15.0409	15.0117
15.3642	15.0117
15.6998	15.0117
16.048	15.0117
16.4089	15.0117
16.7828	15.0117
17.17	15.0117
17.5706	15.0117
17.985	15.0117
18.4132	15.0117
18.8556	15.0117
19.3124	15.0117
19.7839	15.0117
20.2701	15.0117
20.7715	15.0117
21.2881	15.0117
21.8203	15.0117
22.3683	15.0117
22.9322	15.0117
23.5124	15.0117
24.109	15.0117
24.7224	15.0117
25.3526	15.0117

0	15.4039
0.548385	15.4039
1.07267	15.4039
1.57339	15.4039
2.0511	15.4039
2.50632	15.4039
2.93961	15.4039
3.35151	15.4039
3.74256	15.4039
4.11329	15.4039
4.46426	15.4039
4.796	15.4039
5.10905	15.4039
5.40396	15.4039
5.68127	15.4039
5.94152	15.4039
6.18524	15.4039
6.41299	15.4039
6.6253	15.4039
6.82272	15.4039
7.00579	15.4039
7.17504	15.4039
7.33103	15.4039
7.47429	15.4039
7.60536	15.4039
7.72478	15.4039
7.83311	15.4039
7.93087	15.4039
8.01861	15.4039
8.09687	15.4039
8.1662	15.4039
8.22713	15.4039
8.28021	15.4039
8.32598	15.4039
8.36497	15.4039
8.39774	15.4039
8.42482	15.4039
8.44676	15.4039
8.46409	15.4039
8.47736	15.4039
8.48711	15.4039
8.49388	15.4039
8.49821	15.4039
8.50065	15.4039
8.50173	15.4039
8.502	15.4039
8.50664	15.4039
8.52001	15.4039
8.54133	15.4039
8.56986	15.4039
8.60483	15.4039
8.64549	15.4039
8.69107	15.4039
8.74083	15.4039
8.79399	15.4039
8.84981	15.4039
8.90753	15.4039
8.96638	15.4039
9.02562	15.4039
9.08447	15.4039
9.14219	15.4039
9.19801	15.4039
9.25117	15.4039
9.30093	15.4039
9.34651	15.4039
9.38717	15.4039
9.42214	15.4039
9.45067	15.4039
9.47199	15.4039
9.48536	15.4039
9.49	15.4039
9.49012	15.4039
9.49058	15.4039
9.49161	15.4039
9.49345	15.4039
9.49633	15.4039
9.50047	15.4039
9.50611	15.4039
9.51348	15.4039
9.5228	15.4039
9.53431	15.4039
9.54824	15.4039
9.56481	15.4039
9.58426	15.4039
9.60682	15.4039
9.63271	15.4039
9.66218	15.4039
9.69544	15.4039
9.73273	15.4039
9.77428	15.4039
9.82032	15.4039
9.87107	15.4039
9.92678	15.4039
9.98766	15.4039
10.054	15.4039
10.1259	15.4039
10.2037	15.4039
10.2876	15.4039
10.3778	15.4039
10.4746	15.4039
10.5782	15.4039
10.6888	15.4039
10.8067	15.4039
10.932	15.4039
11.065	15.4039
11.206	15.4039
11.3552	15.4039
11.5127	15.4039
11.6789	15.4039
11.854	15.4039
12.0381	15.4039
12.2316	15.4039
12.4346	15.4039
12.6474	15.4039
12.8703	15.4039
13.1033	15.4039
13.3469	15.4039
13.6011	15.4039
13.8663	15.4039
14.1426	15.4039
14.4303	15.4039
14.7297	15.4039
15.0409	15.4039
15.3642	15.4039
15.6998	15.4039
16.048	15.4039
16.4089	15.4039
16.7828	15.4039
17.17	15.4039
17.5706	15.4039
17.985	15.4039
18.4132	15.4039
18.8556	15.4039
19.3124	15.4039
19.7839	15.4039
20.2701	15.4039
20.7715	15.4039
21.2881	15.4039
21.8203	15.4039
22.3683	15.4039
22.9322	15.4039
23.5124	15.4039
24.109	15.4039
24.7224	15.4039
25.3526	15.4039

0	15.8181
0.548385	15.8181
1.07267	15.8181
1.57339	15.8181
2.0511	15.8181
2.50632	15.8181
2.93961	15.8181
3.35151	15.8181
3.74256	15.8181
4.11329	15.8181
4.46426	15.8181
4.796	15.8181
5.10905	15.8181
5.40396	15.8181
5.68127	15.8181
5.94152	15.8181
6.18524	15.8181
6.41299	15.8181
6.6253	15.8181
6.82272	15.8181
7.00579	15.8181
7.17504	15.8181
7.33103	15.8181
7.47429	15.8181
7.60536	15.8181
7.72478	15.8181
7.83311	15.8181
7.93087	15.8181
8.01861	15.8181
8.09687	15.8181
8.1662	15.8181
8.22713	15.8181
8.28021	15.8181
8.32598	15.8181
8.36497	15.8181
8.39774	15.8181
8.42482	15.8181
8.44676	15.8181
8.46409	15.8181
8.47736	15.8181
8.48711	15.8181
8.49388	15.8181
8.49821	15.8181
8.50065	15.8181
8.50173	15.8181
8.502	15.8181
8.50664	15.8181
8.52001	15.8181
8.54133	15.8181
8.56986	15.8181
8.60483	15.8181
8.64549	15.8181
8.69107	15.8181
8.74083	15.8181
8.79399	15.8181
8.84981	15.8181
8.90753	15.8181
8.96638	15.8181
9.02562	15.8181
9.08447	15.8181
9.14219	15.8181
9.19801	15.8181
9.25117	15.8181
9.30093	15.8181
9.34651	15.8181
9.38717	15.8181
9.42214	15.8181
9.45067	15.8181
9.47199	15.8181
9.48536	15.8181
9.49	15.8181
9.49012	15.8181
9.49058	15.8181
9.49161	15.8181
9.49345	15.8181
9.49633	15.8181
9.50047	15.8181
9.50611	15.8181
9.51348	15.8181
9.5228	15.8181
9.53431	15.8181
9.54824	15.8181
9.56481	15.8181
9.58426	15.8181
9.60682	15.8181
9.63271	15.8181
9.66218	15.8181
9.69544	15.8181
9.73273	15.8181
9.77428	15.8181
9.82032	15.8181
9.87107	15.8181
9.92678	15.8181
9.98766	15.8181
10.054	15.8181
10.1259	15.8181
10.2037	15.8181
10.2876	15.8181
10.3778	15.8181
10.4746	15.8181
10.5782	15.8181
10.6888	15.8181
10.8067	15.8181
10.932	15.8181
11.065	15.8181
11.206	15.8181
11.3552	15.8181
11.5127	15.8181
11.6789	15.8181
11.854	15.8181
12.0381	15.8181
12.2316	15.8181
12.4346	15.8181
12.6474	15.8181
12.8703	15.8181
13.1033	15.8181
13.3469	15.8181
13.6011	15.8181
13.8663	15.8181
14.1426	15.8181
14.4303	15.8181
14.7297	15.8181
15.0409	15.8181
15.3642	15.8181
15.6998	15.8181
16.048	15.8181
16.4089	15.8181
16.7828	15.8181
17.17	15.8181
17.5706	15.8181
17.985	15.8181
18.4132	15.8181
18.8556	15.8181
19.3124	15.8181
19.7839	15.8181
20.2701	15.8181
20.7715	15.8181
21.2881	15.8181
21.8203	15.8181
22.3683	15.8181
22.9322	15.8181
23.5124	15.8181
24.109	15.8181
24.7224	15.8181
25.3526	15.8181

0	16.2551
0.548385	16.2551
1.07267	16.2551
1.57339	16.2551
2.0511	16.2551
2.50632	16.2551
2.93961	16.2551
3.35151	16.2551
3.74256	16.2551
4.11329	16.2551
4.46426	16.2551
4.796	16.2551
5.10905	16.2551
5.40396	16.2551
5.68127	16.2551
5.94152	16.2551
6.18524	16.2551
6.41299	16.2551
6.6253	16.2551
6.82272	16.2551
7.00579	16.2551
7.17504	16.2551
7.33103	16.2551
7.47429	16.2551
7.60536	16.2551
7.72478	16.2551
7.83311	16.2551
7.93087	16.2551
8.01861	16.2551
8.09687	16.2551
8.1662	16.2551
8.22713	16.2551
8.28021	16.2551
8.32598	16.2551
8.36497	16.2551
8.39774	16.2551
8.42482	16.2551
8.44676	16.2551
8.46409	16.2551
8.47736	16.2551
8.48711	16.2551
8.49388	16.2551
8.49821	16.2551
8.50065	16.2551
8.50173	16.2551
8.502	16.2551
8.50664	16.2551
8.52001	16.2551
8.54133	16.2551
8.56986	16.2551
8.60483	16.2551
8.64549	16.2551
8.69107	16.2551
8.74083	16.2551
8.79399	16.2551
8.84981	16.2551
8.90753	16.2551
8.96638	16.2551
9.02562	16.2551
9.08447	16.2551
9.14219	16.2551
9.19801	16.2551
9.25117	16.2551
9.30093	16.2551
9.34651	16.2551
9.38717	16.2551
9.42214	16.2551
9.45067	16.2551
9.47199	16.2551
9.48536	16.2551
9.49	16.2551
9.49012	16.2551
9.49058	16.2551
9.49161	16.2551
9.49345	16.2551
9.49633	16.2551
9.50047	16.2551
9.50611	16.2551
9.51348	16.2551
9.5228	16.2551
9.53431	16.2551
9.54824	16.2551
9.56481	16.2551
9.58426	16.2551
9.60682	16.2551
9.63271	16.2551
9.66218	16.2551
9.69544	16.2551
9.73273	16.2551
9.77428	16.2551
9.82032	16.2551
9.87107	16.2551
9.92678	16.2551
9.98766	16.2551
10.054	16.2551
10.1259	16.2551
10.2037	16.2551
10.2876	16.2551
10.3778	16.2551
10.4746	16.2551
10.5782	16.2551
10.6888	16.2551
10.8067	16.2551
10.932	16.2551
11.065	16.2551
11.206	16.2551
11.3552	16.2551
11.5127	16.2551
11.6789	16.2551
11.854	16.2551
12.0381	16.2551
12.2316	16.2551
12.4346	16.2551
12.6474	16.2551
12.8703	16.2551
13.1033	16.2551
13.3469	16.2551
13.6011	16.2551
13.8663	16.2551
14.1426	16.2551
14.4303	16.2551
14.7297	16.2551
15.0409	16.2551
15.3642	16.2551
15.6998	16.2551
16.048	16.2551
16.4089	16.2551
16.7828	16.2551
17.17	16.2551
17.5706	16.2551
17.985	16.2551
18.4132	16.2551
18.8556	16.2551
19.3124	16.2551
19.7839	16.2551
20.2701	16.2551
20.7715	16.2551
21.2881	16.2551
21.8203	16.2551
22.3683	16.2551
22.9322	16.2551
23.5124	16.2551
24.109	16.2551
24.7224	16.2551
25.3526	16.2551

0	16.7153
0.548385	16.7153
1.07267	16.7153
1.57339	16.7153
2.0511	16.7153
2.50632	16.7153
2.93961	16.7153
3.35151	16.7153
3.74256	16.7153
4.11329	16.7153
4.46426	16.7153
4.796	16.7153
5.10905	16.7153
5.40396	16.7153
5.68127	16.7153
5.94152	16.7153
6.18524	16.7153
6.41299	16.7153
6.6253	16.7153
6.82272	16.7153
7.00579	16.7153
7.17504	16.7153
7.33103	16.7153
7.47429	16.7153
7.60536	16.7153
7.72478	16.7153
7.83311	16.7153
7.93087	16.7153
8.01861	16.7153
8.09687	16.7153
8.1662	16.7153
8.22713	16.7153
8.28021	16.7153
8.32598	16.7153
8.36497	16.7153
8.39774	16.7153
8.42482	16.7153
8.44676	16.7153
8.46409	16.7153
8.47736	16.7153
8.48711	16.7153
8.49388	16.7153
8.49821	16.7153
8.50065	16.7153
8.50173	16.7153
8.502	16.7153
8.50664	16.7153
8.52001	16.7153
8.54133	16.7153
8.56986	16.7153
8.60483	16.7153
8.64549	16.7153
8.69107	16.7153
8.74083	16.7153
8.79399	16.7153
8.84981	16.7153
8.90753	16.7153
8.96638	16.7153
9.02562	16.7153
9.08447	16.7153
9.14219	16.7153
9.19801	16.7153
9.25117	16.7153
9.30093	16.7153
9.34651	16.7153
9.38717	16.7153
9.42214	16.7153
9.45067	16.7153
9.47199	16.7153
9.48536	16.7153
9.49	16.7153
9.49012	16.7153
9.49058	16.7153
9.49161	16.7153
9.49345	16.7153
9.49633	16.7153
9.50047	16.7153
9.50611	16.7153
9.51348	16.7153
9.5228	16.7153
9.53431	16.7153
9.54824	16.7153
9.56481	16.7153
9.58426	16.7153
9.60682	16.7153
9.63271	16.7153
9.66218	16.7153
9.69544	16.7153
9.73273	16.7153
9.77428	16.7153
9.82032	16.7153
9.87107	16.7153
9.92678	16.7153
9.98766	16.7153
10.054	16.7153
10.1259	16.7153
10.2037	16.7153
10.2876	16.7153
10.3778	16.7153
10.4746	16.7153
10.5782	16.7153
10.6888	16.7153
10.8067	16.7153
10.932	16.7153
11.065	16.7153
11.206	16.7153
11.3552	16.7153
11.5127	16.7153
11.6789	16.7153
11.854	16.7153
12.0381	16.7153
12.2316	16.7153
12.4346	16.7153
12.6474	16.7153
12.8703	16.7153
13.1033	16.7153
13.3469	16.7153
13.6011	16.7153
13.8663	16.7153
14.1426	16.7153
14.4303	16.7153
14.7297	16.7153
15.0409	16.7153
15.3642	16.7153
15.6998	16.7153
16.048	16.7153
16.4089	16.7153
16.7828	16.7153
17.17	16.7153
17.5706	16.7153
17.985	16.7153
18.4132	16.7153
18.8556	16.7153
19.3124	16.7153
19.7839	16.7153
20.2701	16.7153
20.7715	16.7153
21.2881	16.7153
21.8203	16.7153
22.3683	16.7153
22.9322	16.7153
23.5124	16.7153
24.109	16.7153
24.7224	16.7153
25.3526	16.7153

0	17.1995
0.548385	17.1995
1.07267	17.1995
1.57339	17.1995
2.0511	17.1995
2.50632	17.1995
2.93961	17.1995
3.35151	17.1995
3.74256	17.1995
4.11329	17.1995
4.46426	17.1995
4.796	17.1995
5.10905	17.1995
5.40396	17.1995
5.68127	17.1995
5.94152	17.1995
6.18524	17.1995
6.41299	17.1995
6.6253	17.1995
6.82272	17.1995
7.00579	17.1995
7.17504	17.1995
7.33103	17.1995
7.47429	17.1995
7.60536	17.1995
7.72478	17.1995
7.83311	17.1995
7.93087	17.1995
8.01861	17.1995
8.09687	17.1995
8.1662	17.1995
8.22713	17.1995
8.28021	17.1995
8.32598	17.1995
8.36497	17.1995
8.39774	17.1995
8.42482	17.1995
8.44676	17.1995
8.46409	17.1995
8.47736	17.1995
8.48711	17.1995
8.49388	17.1995
8.49821	17.1995
8.50065	17.1995
8.50173	17.1995
8.502	17.1995
8.50664	17.1995
8.52001	17.1995
8.54133	17.1995
8.56986	17.1995
8.60483	17.1995
8.64549	17.1995
8.69107	17.1995
8.74083	17.1995
8.79399	17.1995
8.84981	17.1995
8.90753	17.1995
8.96638	17.1995
9.02562	17.1995
9.08447	17.1995
9.14219	17.1995
9.19801	17.1995
9.25117	17.1995
9.30093	17.1995
9.34651	17.1995
9.38717	17.1995
9.42214	17.1995
9.45067	17.1995
9.47199	17.1995
9.48536	17.1995
9.49	17.1995
9.49012	17.1995
9.49058	17.1995
9.49161	17.1995
9.49345	17.1995
9.49633	17.1995
9.50047	17.1995
9.50611	17.1995
9.51348	17.1995
9.5228	17.1995
9.53431	17.1995
9.54824	17.1995
9.56481	17.1995
9.58426	17.1995
9.60682	17.1995
9.63271	17.1995
9.66218	17.1995
9.69544	17.1995
9.73273	17.1995
9.77428	17.1995
9.82032	17.1995
9.87107	17.1995
9.92678	17.1995
9.98766	17.1995
10.054	17.1995
10.1259	17.1995
10.2037	17.1995
10.2876	17.1995
10.3778	17.1995
10.4746	17.1995
10.5782	17.1995
10.6888	17.1995
10.8067	17.1995
10.932	17.1995
11.065	17.1995
11.206	17.1995
11.3552	17.1995
11.5127	17.1995
11.6789	17.1995
11.854	17.1995
12.0381	17.1995
12.2316	17.1995
12.4346	17.1995
12.6474	17.1995
12.8703	17.1995
13.1033	17.1995
13.3469	17.1995
13.6011	17.1995
13.8663	17.1995
14.1426	17.1995
14.4303	17.1995
14.7297	17.1995
15.0409	17.1995
15.3642	17.1995
15.6998	17.1995
16.048	17.1995
16.4089	17.1995
16.7828	17.1995
17.17	17.1995
17.5706	17.1995
17.985	17.1995
18.4132	17.1995
18.8556	17.1995
19.3124	17.1995
19.7839	17.1995
20.2701	17.1995
20.7715	17.1995
21.2881	17.1995
21.8203	17.1995
22.3683	17.1995
22.9322	17.1995
23.5124	17.1995
24.109	17.1995
24.7224	17.1995
25.3526	17.1995

0	17.7081
0.548385	17.7081
1.07267	17.7081
1.57339	17.7081
2.0511	17.7081
2.50632	17.7081
2.93961	17.7081
3.35151	17.7081
3.74256	17.7081
4.11329	17.7081
4.46426	17.7081
4.796	17.7081
5.10905	17.7081
5.40396	17.7081
5.68127	17.7081
5.94152	17.7081
6.18524	17.7081
6.41299	17.7081
6.6253	17.7081
6.82272	17.7081
7.00579	17.7081
7.17504	17.7081
7.33103	17.7081
7.47429	17.7081
7.60536	17.7081
7.72478	17.7081
7.83311	17.7081
7.93087	17.7081
8.01861	17.7081
8.09687	17.7081
8.1662	17.7081
8.22713	17.7081
8.28021	17.7081
8.32598	17.7081
8.36497	17.7081
8.39774	17.7081
8.42482	17.7081
8.44676	17.7081
8.46409	17.7081
8.47736	17.7081
8.48711	17.7081
8.49388	17.7081
8.49821	17.7081
8.50065	17.7081
8.50173	17.7081
8.502	17.7081
8.50664	17.7081
8.52001	17.7081
8.54133	17.7081
8.56986	17.7081
8.60483	17.7081
8.64549	17.7081
8.69107	17.7081
8.74083	17.7081
8.79399	17.7081
8.84981	17.7081
8.90753	17.7081
8.96638	17.7081
9.02562	17.7081
9.08447	17.7081
9.14219	17.7081
9.19801	17.7081
9.25117	17.7081
9.30093	17.7081
9.34651	17.7081
9.38717	17.7081
9.42214	17.7081
9.45067	17.7081
9.47199	17.7081
9.48536	17.7081
9.49	17.7081
9.49012	17.7081
9.49058	17.7081
9.49161	17.7081
9.49345	17.7081
9.49633	17.7081
9.50047	17.7081
9.50611	17.7081
9.51348	17.7081
9.5228	17.7081
9.53431	17.7081
9.54824	17.7081
9.56481	17.7081
9.58426	17.7081
9.60682	17.7081
9.63271	17.7081
9.66218	17.7081
9.69544	17.7081
9.73273	17.7081
9.77428	17.7081
9.82032	17.7081
9.87107	17.7081
9.92678	17.7081
9.98766	17.7081
10.054	17.7081
10.1259	17.7081
10.2037	17.7081
10.2876	17.7081
10.3778	17.7081
10.4746	17.7081
10.5782	17.7081
10.6888	17.7081
10.8067	17.7081
10.932	17.7081
11.065	17.7081
11.206	17.7081
11.3552	17.7081
11.5127	17.7081
11.6789	17.7081
11.854	17.7081
12.0381	17.7081
12.2316	17.7081
12.4346	17.7081
12.6474	17.7081
12.8703	17.7081
13.1033	17.7081
13.3469	17.7081
13.6011	17.7081
13.8663	17.7081
14.1426	17.7081
14.4303	17.7081
14.7297	17.7081
15.0409	17.7081
15.3642	17.7081
15.6998	17.7081
16.048	17.7081
16.4089	17.7081
16.7828	17.7081
17.17	17.7081
17.5706	17.7081
17.985	17.7081
18.4132	17.7081
18.8556	17.7081
19.3124	17.7081
19.7839	17.7081
20.2701	17.7081
20.7715	17.7081
21.2881	17.7081
21.8203	17.7081
22.3683	17.7081
22.9322	17.7081
23.5124	17.7081
24.109	17.7081
24.7224	17.7081
25.3526	17.7081

0	18.2419
0.548385	18.2419
1.07267	18.2419
1.57339	18.2419
2.0511	18.2419
2.50632	18.2419
2.93961	18.2419
3.35151	18.2419
3.74256	18.2419
4.11329	18.2419
4.46426	18.2419
4.796	18.2419
5.10905	18.2419
5.40396	18.2419
5.68127	18.2419
5.94152	18.2419
6.18524	18.2419
6.41299	18.2419
6.6253	18.2419
6.82272	18.2419
7.00579	18.2419
7.17504	18.2419
7.33103	18.2419
7.47429	18.2419
7.60536	18.2419
7.72478	18.2419
7.83311	18.2419
7.93087	18.2419
8.01861	18.2419
8.09687	18.2419
8.1662	18.2419
8.22713	18.2419
8.28021	18.2419
8.32598	18.2419
8.36497	18.2419
8.39774	18.2419
8.42482	18.2419
8.44676	18.2419
8.46409	18.2419
8.47736	18.2419
8.48711	18.2419
8.49388	18.2419
8.49821	18.2419
8.50065	18.2419
8.50173	18.2419
8.502	18.2419
8.50664	18.2419
8.52001	18.2419
8.54133	18.2419
8.56986	18.2419
8.60483	18.2419
8.64549	18.2419
8.69107	18.2419
8.74083	18.2419
8.79399	18.2419
8.84981	18.2419
8.90753	18.2419
8.96638	18.2419
9.02562	18.2419
9.08447	18.2419
9.14219	18.2419
9.19801	18.2419
9.25117	18.2419
9.30093	18.2419
9.34651	18.2419
9.38717	18.2419
9.42214	18.2419
9.45067	18.2419
9.47199	18.2419
9.48536	18.2419
9.49	18.2419
9.49012	18.2419
9.49058	18.2419
9.49161	18.2419
9.49345	18.2419
9.49633	18.2419
9.50047	18.2419
9.50611	18.2419
9.51348	18.2419
9.5228	18.2419
9.53431	18.2419
9.54824	18.2419
9.56481	18.2419
9.58426	18.2419
9.60682	18.2419
9.63271	18.2419
9.66218	18.2419
9.69544	18.2419
9.73273	18.2419
9.77428	18.2419
9.82032	18.2419
9.87107	18.2419
9.92678	18.2419
9.98766	18.2419
10.054	18.2419
10.1259	18.2419
10.2037	18.2419
10.2876	18.2419
10.3778	18.2419
10.4746	18.2419
10.5782	18.2419
10.6888	18.2419
10.8067	18.2419
10.932	18.2419
11.065	18.2419
11.206	18.2419
11.3552	18.2419
11.5127	18.2419
11.6789	18.2419
11.854	18.2419
12.0381	18.2419
12.2316	18.2419
12.4346	18.2419
12.6474	18.2419
12.8703	18.2419
13.1033	18.2419
13.3469	18.2419
13.6011	18.2419
13.8663	18.2419
14.1426	18.2419
14.4303	18.2419
14.7297	18.2419
15.0409	18.2419
15.3642	18.2419
15.6998	18.2419
16.048	18.2419
16.4089	18.2419
16.7828	18.2419
17.17	18.2419
17.5706	18.2419
17.985	18.2419
18.4132	18.2419
18.8556	18.2419
19.3124	18.2419
19.7839	18.2419
20.2701	18.2419
20.7715	18.2419
21.2881	18.2419
21.8203	18.2419
22.3683	18.2419
22.9322	18.2419
23.5124	18.2419
24.109	18.2419
24.7224	18.2419
25.3526	18.2419

0	18.8014
0.548385	18.8014
1.07267	18.8014
1.57339	18.8014
2.0511	18.8014
2.50632	18.8014
2.93961	18.8014
3.35151	18.8014
3.74256	18.8014
4.11329	18.8014
4.46426	18.8014
4.796	18.8014
5.10905	18.8014
5.40396	18.8014
5.68127	18.8014
5.94152	18.8014
6.18524	18.8014
6.41299	18.8014
6.6253	18.8014
6.82272	18.8014
7.00579	18.8014
7.17504	18.8014
7.33103	18.8014
7.47429	18.8014
7.60536	18.8014
7.72478	18.8014
7.83311	18.8014
7.93087	18.8014
8.01861	18.8014
8.09687	18.8014
8.1662	18.8014
8.22713	18.8014
8.28021	18.8014
8.32598	18.8014
8.36497	18.8014
8.39774	18.8014
8.42482	18.8014
8.44676	18.8014
8.46409	18.8014
8.47736	18.8014
8.48711	18.8014
8.49388	18.8014
8.49821	18.8014
8.50065	18.8014
8.50173	18.8014
8.502	18.8014
8.50664	18.8014
8.52001	18.8014
8.54133	18.8014
8.56986	18.8014
8.60483	18.8014
8.64549	18.8014
8.69107	18.8014
8.74083	18.8014
8.79399	18.8014
8.84981	18.8014
8.90753	18.8014
8.96638	18.8014
9.02562	18.8014
9.08447	18.8014
9.14219	18.8014
9.19801	18.8014
9.25117	18.8014
9.30093	18.8014
9.34651	18.8014
9.38717	18.8014
9.42214	18.8014
9.45067	18.8014
9.47199	18.8014
9.48536	18.8014
9.49	18.8014
9.49012	18.8014
9.49058	18.8014
9.49161	18.8014
9.49345	18.8014
9.49633	18.8014
9.50047	18.8014
9.50611	18.8014
9.51348	18.8014
9.5228	18.8014
9.53431	18.8014
9.54824	18.8014
9.56481	18.8014
9.58426	18.8014
9.60682	18.8014
9.63271	18.8014
9.66218	18.8014
9.69544	18.8014
9.73273	18.8014
9.77428	18.8014
9.82032	18.8014
9.87107	18.8014
9.92678	18.8014
9.98766	18.8014
10.054	18.8014
10.1259	18.8014
10.2037	18.8014
10.2876	18.8014
10.3778	18.8014
10.4746	18.8014
10.5782	18.8014
10.6888	18.8014
10.8067	18.8014
10.932	18.8014
11.065	18.8014
11.206	18.8014
11.3552	18.8014
11.5127	18.8014
11.6789	18.8014
11.854	18.8014
12.0381	18.8014
12.2316	18.8014
12.4346	18.8014
12.6474	18.8014
12.8703	18.8014
13.1033	18.8014
13.3469	18.8014
13.6011	18.8014
13.8663	18.8014
14.1426	18.8014
14.4303	18.8014
14.7297	18.8014
15.0409	18.8014
15.3642	18.8014
15.6998	18.8014
16.048	18.8014
16.4089	18.8014
16.7828	18.8014
17.17	18.8014
17.5706	18.8014
17.985	18.8014
18.4132	18.8014
18.8556	18.8014
19.3124	18.8014
19.7839	18.8014
20.2701	18.8014
20.7715	18.8014
21.2881	18.8014
21.8203	18.8014
22.3683	18.8014
22.9322	18.8014
23.5124	18.8014
24.109	18.8014
24.7224	18.8014
25.3526	18.8014

0	19.3872
0.548385	19.3872
1.07267	19.3872
1.57339	19.3872
2.0511	19.3872
2.50632	19.3872
2.93961	19.3872
3.35151	19.3872
3.74256	19.3872
4.11329	19.3872
4.46426	19.3872
4.796	19.3872
5.10905	19.3872
5.40396	19.3872
5.68127	19.3872
5.94152	19.3872
6.18524	19.3872
6.41299	19.3872
6.6253	19.3872
6.82272	19.3872
7.00579	19.3872
7.17504	19.3872
7.33103	19.3872
7.47429	19.3872
7.60536	19.3872
7.72478	19.3872
7.83311	19.3872
7.93087	19.3872
8.01861	19.3872
8.09687	19.3872
8.1662	19.3872
8.22713	19.3872
8.28021	19.3872
8.32598	19.3872
8.36497	19.3872
8.39774	19.3872
8.42482	19.3872
8.44676	19.3872
8.46409	19.3872
8.47736	19.3872
8.48711	19.3872
8.49388	19.3872
8.49821	19.3872
8.50065	19.3872
8.50173	19.3872
8.502	19.3872
8.50664	19.3872
8.52001	19.3872
8.54133	19.3872
8.56986	19.3872
8.60483	19.3872
8.64549	19.3872
8.69107	19.3872
8.74083	19.3872
8.79399	19.3872
8.84981	19.3872
8.90753	19.3872
8.96638	19.3872
9.02562	19.3872
9.08447	19.3872
9.14219	19.3872
9.19801	19.3872
9.25117	19.3872
9.30093	19.3872
9.34651	19.3872
9.38717	19.3872
9.42214	19.3872
9.45067	19.3872
9.47199	19.3872
9.48536	19.3872
9.49	19.3872
9.49012	19.3872
9.49058	19.3872
9.49161	19.3872
9.49345	19.3872
9.49633	19.3872
9.50047	19.3872
9.50611	19.3872
9.51348	19.3872
9.5228	19.3872
9.53431	19.3872
9.54824	19.3872
9.56481	19.3872
9.58426	19.3872
9.60682	19.3872
9.63271	19.3872
9.66218	19.3872
9.69544	19.3872
9.73273	19.3872
9.77428	19.3872
9.82032	19.3872
9.87107	19.3872
9.92678	19.3872
9.98766	19.3872
10.054	19.3872
10.1259	19.3872
10.2037	19.3872
10.2876	19.3872
10.3778	19.3872
10.4746	19.3872
10.5782	19.3872
10.6888	19.3872
10.8067	19.3872
10.932	19.3872
11.065	19.3872
11.206	19.3872
11.3552	19.3872
11.5127	19.3872
11.6789	19.3872
11.854	19.3872
12.0381	19.3872
12.2316	19.3872
12.4346	19.3872
12.6474	19.3872
12.8703	19.3872
13.1033	19.3872
13.3469	19.3872
13.6011	19.3872
13.8663	19.3872
14.1426	19.3872
14.4303	19.3872
14.7297	19.3872
15.0409	19.3872
15.3642	19.3872
15.6998	19.3872
16.048	19.3872
16.4089	19.3872
16.7828	19.3872
17.17	19.3872
17.5706	19.3872
17.985	19.3872
18.4132	19.3872
18.8556	19.3872
19.3124	19.3872
19.7839	19.3872
20.2701	19.3872
20.7715	19.3872
21.2881	19.3872
21.8203	19.3872
22.3683	19.3872
22.9322	19.3872
23.5124	19.3872
24.109	19.3872
24.7224	19.3872
25.3526	19.3872

